Geneid	Entity	Symbol	relative changes	negligible changes	Genes with too high Zero count	Outlier	0_T	5_T	10_T	15_T	classification	ProteinSequence	DNASequence
gene-PPLUZ19_gp23	phage	gp23	1.2935496323029234	0	0	0	0.62084653666968	1.75061250159096	9336.875479035429	34799.95799361024	late	MTSEPKVYQIPRSQQRTFTLKLWAEQNKLCPLCGKPIDISVKGEAVMDHDHETGLVRGVLHRSCNTAEGKITNAAGSWGCKSMRYSDIIPYLHSLLAYLEGPKHPLIYPLHKTDEEKHEAKLAKRRQAAAKRKAAMAVAKHNARNV	ATGACGAGTGAGCCGAAGGTCTACCAGATACCGCGCAGTCAACAGCGCACCTTCACCCTGAAGCTATGGGCCGAGCAGAACAAGCTGTGCCCGCTCTGCGGCAAGCCCATCGATATCAGCGTGAAGGGCGAAGCGGTGATGGACCACGACCACGAAACGGGGCTGGTGCGGGGCGTCCTGCACCGGTCCTGTAACACCGCAGAAGGCAAGATAACGAATGCGGCAGGTTCCTGGGGTTGCAAGTCGATGCGATACTCCGACATCATCCCCTACCTGCATTCCCTCCTGGCGTACTTGGAGGGGCCGAAGCATCCGCTGATCTACCCGCTGCACAAGACCGACGAGGAGAAACACGAAGCGAAGCTGGCTAAGCGCCGGCAGGCAGCCGCCAAACGAAAGGCGGCCATGGCCGTCGCTAAGCACAACGCGAGGAACGTATGA
gene-PPLUZ19_gp36	phage	gp36	1.7312539748431703	0	0	0	0.0	188.5054339599531	67.60146297374132	45023.56038305829	late	MAESQRASQELGINVGQTQLQPGQSARRGVRDSEINYSGPSVGSQILDGILGAGQQIAGKWFEHNVQQEVLRGERARMAGEAEEAVDSNVLAKPFVKGGWRKQDYRIAQADFSLKMQRFIANKGREMTPEEFRKYLSQEATHVLDSTEGMNPNDALQALAQQQKAEEQLFGMQAKAYMDWSIDQAARGFRTQGNSILAKAVQAQATGDELSRQLSLEEAGLFYTNIMTSEDIPLEVRDKVGMQFLAASLDMNQRGIYEGLRDAGFLDSMSFDDRRALNGLYEKSKAQTRAKESMATLRADADFQQRVANGAITDLAEVEAYSRGMVEEGRWSDAQAISFMTKAMTGLGNAQRMQGIMAALEAGDINALHTLGTNVTEALEQWDKMQAANGSSLTDRLVQGTQLGLRLGTFPKTYGESVGSAVRMIQAAKEGEANPELVNTLNSIFEQVASAQEINPSAGNVMLSGIPEAEQGAVAWALKQMKMGIAPAQALREFSANAEVVKQMDEFEKGQNTKAFKDNLGKQVNDKFVNNIFGRAWNMLTGESDLSNNEAVLSMYRRATIDEANWLASDRKHAGLLTSDTGREALLEIAAANVRNRTIQVGEGRNLKEGDLFSRRDSAPLILPRGTTAEQLFGTNDTETIGTVLAEQHKPHVEGLLGYKSVVAFEYDRTSGSLLAVEYDENGVALDRTRVDPQAVGNEVLKRNADKLNAMRGAEYGANVKISGTDIRMNGGNSAGMLKQDVFNWRKELAQFEAYRGEAYKDADGYSVGLGHYLGSGNAGAGTTVTPEQAAQWFAEDTDRALDQGVRLADELGVTNNASILGLAGMAFQMGEGRARQFRNTFQAIKDRNKEAFEAGVRNSKWYTQTPNRAEAFIKRMAPHFDTPSQIGVDWYSAATAE	ATGGCGGAATCGCAACGTGCTTCCCAAGAGCTTGGGATCAACGTCGGGCAGACGCAACTCCAGCCGGGCCAGAGTGCCCGGCGCGGAGTGCGCGACTCCGAGATCAACTACAGCGGCCCGAGCGTAGGCTCGCAGATTCTCGACGGCATCCTGGGTGCCGGTCAGCAGATCGCTGGCAAATGGTTCGAGCACAACGTGCAGCAGGAAGTCCTGCGCGGTGAGCGTGCCCGTATGGCCGGCGAGGCTGAGGAGGCAGTAGACAGCAACGTACTGGCCAAACCATTCGTGAAGGGTGGTTGGCGTAAGCAGGACTACCGTATCGCCCAGGCGGACTTCAGCCTGAAGATGCAGCGATTCATCGCCAACAAGGGCCGGGAGATGACTCCCGAGGAGTTCCGCAAGTACCTGTCCCAGGAGGCTACGCACGTCCTGGATTCGACCGAGGGCATGAACCCCAACGATGCCTTACAGGCGCTGGCGCAGCAGCAGAAGGCCGAGGAACAGCTCTTCGGCATGCAGGCTAAGGCGTACATGGACTGGTCCATCGACCAGGCCGCCCGTGGCTTCCGCACCCAGGGTAACAGCATCCTGGCCAAGGCTGTGCAGGCTCAGGCCACCGGCGACGAACTGTCCCGGCAGCTCAGCCTGGAAGAGGCCGGCCTGTTCTATACCAACATCATGACCTCCGAGGATATCCCGCTGGAGGTGCGCGACAAGGTAGGCATGCAGTTCCTGGCGGCCAGCCTGGACATGAACCAGCGGGGCATCTATGAGGGCCTGCGCGATGCCGGGTTCCTGGACAGTATGTCCTTTGACGACCGGCGTGCGCTCAACGGCCTCTATGAAAAATCGAAGGCACAGACCCGTGCCAAGGAATCGATGGCTACCCTGCGGGCCGACGCGGACTTCCAGCAGCGGGTGGCCAACGGCGCCATCACAGACCTTGCCGAGGTTGAGGCGTACTCCCGAGGCATGGTCGAGGAGGGCCGCTGGAGCGACGCTCAGGCCATCTCGTTCATGACCAAGGCCATGACCGGCCTGGGCAACGCTCAGCGCATGCAGGGCATCATGGCGGCCTTGGAAGCCGGAGACATCAACGCCCTCCACACGCTGGGTACCAACGTCACCGAGGCGCTGGAGCAGTGGGACAAGATGCAGGCCGCCAACGGCTCAAGCCTGACTGACCGTCTCGTGCAGGGCACACAGCTCGGCCTGCGCCTGGGGACCTTCCCCAAGACCTACGGCGAGTCCGTGGGCAGCGCGGTGCGCATGATCCAGGCCGCCAAGGAAGGCGAGGCAAACCCGGAGCTGGTCAACACGCTGAACAGCATCTTCGAACAGGTGGCCTCGGCCCAGGAGATCAACCCATCCGCCGGCAACGTGATGCTATCCGGCATCCCGGAAGCCGAGCAGGGCGCCGTGGCCTGGGCACTCAAGCAGATGAAGATGGGCATCGCACCAGCTCAAGCTCTGCGCGAGTTTAGCGCCAACGCCGAAGTCGTGAAGCAGATGGACGAGTTCGAGAAAGGCCAGAACACCAAGGCATTCAAGGACAACCTCGGCAAGCAGGTCAACGACAAGTTCGTGAACAACATCTTCGGTCGGGCCTGGAACATGCTGACCGGTGAAAGTGACCTGAGTAACAACGAGGCCGTTCTCAGCATGTACCGTCGAGCAACCATCGACGAGGCGAACTGGCTGGCCAGCGACCGCAAGCATGCGGGTCTGCTCACCAGTGACACGGGCCGCGAGGCCCTGCTGGAGATCGCCGCCGCCAACGTGCGTAACCGCACCATCCAGGTAGGCGAAGGTCGGAACCTGAAGGAAGGGGACCTATTCAGCCGCCGCGATAGCGCGCCGCTGATCCTGCCGCGTGGCACTACCGCCGAGCAGCTATTCGGGACCAACGACACCGAGACCATCGGAACCGTCCTGGCCGAGCAGCACAAGCCGCATGTCGAAGGACTCCTCGGCTACAAGTCGGTAGTCGCCTTCGAGTACGACCGCACCAGTGGCAGCCTCCTCGCCGTCGAGTACGACGAGAACGGTGTGGCCCTGGACCGCACGCGGGTTGATCCCCAGGCAGTCGGTAACGAGGTGCTCAAGCGCAACGCGGATAAGCTGAATGCGATGCGGGGCGCCGAGTACGGTGCCAACGTCAAGATCAGCGGCACGGACATTCGCATGAACGGGGGTAACAGTGCCGGCATGCTGAAGCAGGACGTGTTCAACTGGCGGAAGGAACTGGCTCAGTTCGAGGCTTACCGAGGGGAGGCGTATAAGGATGCCGATGGTTATAGTGTGGGCCTGGGGCATTACCTGGGCAGTGGCAATGCTGGGGCAGGCACTACAGTCACGCCTGAGCAAGCCGCGCAGTGGTTCGCCGAGGACACCGACCGCGCACTCGACCAGGGTGTGAGGTTGGCCGACGAGCTGGGCGTTACGAACAATGCCTCTATCCTGGGATTGGCCGGTATGGCCTTCCAGATGGGCGAAGGACGTGCCCGGCAGTTCCGTAACACCTTCCAGGCGATCAAGGATCGCAACAAGGAAGCCTTCGAGGCTGGTGTGCGAAACAGCAAGTGGTACACGCAGACGCCCAACCGGGCCGAGGCATTCATCAAGCGCATGGCGCCCCACTTCGATACACCGAGTCAAATCGGTGTCGATTGGTACAGCGCCGCAACAGCGGAGTAA
gene-PPLUZ19_gp16	phage	gp16	1.2173134375339765	0	0	0	0.0	3.121262108973029	44289.18228018751	15128.655032640534	middle	MQAKHSRVLEGTKEIPLGGIKLLPGTVAGLLLCLYSDATHEEGVALAGGFPRDLLHGATPQDVDVALYSMTWGRAEHLIQKALPVLNPISVRDGGWRSDYADGGDGGIFKGVMSLVGCRGLNGMDLDFNYYDAASLGRVMESFDFTINQVGIAYNWPDPEGGPRLGAYLHKDVTWGVNKEVGAGSRLPERCEKMRAKAAHYGWENV	ATGCAAGCTAAGCATAGCCGGGTGCTCGAAGGCACTAAAGAAATTCCGCTGGGTGGCATCAAACTGTTACCGGGCACCGTCGCGGGTCTGCTATTGTGTCTGTACTCCGACGCAACTCACGAGGAGGGCGTCGCCTTGGCCGGTGGGTTCCCTCGCGACTTGCTGCACGGCGCCACTCCCCAGGACGTGGATGTTGCCCTGTATAGCATGACCTGGGGGCGGGCAGAGCACCTGATCCAGAAGGCACTCCCGGTCCTGAACCCCATCTCCGTCCGGGACGGTGGGTGGCGCTCGGACTACGCCGATGGCGGCGACGGTGGTATCTTCAAGGGCGTGATGTCCCTCGTGGGCTGCCGTGGGTTGAATGGCATGGACCTGGACTTTAACTACTACGACGCCGCCAGCCTTGGCCGGGTGATGGAGTCGTTCGACTTCACCATCAATCAGGTAGGTATCGCGTACAACTGGCCGGACCCCGAGGGTGGGCCGCGACTGGGTGCATACCTGCATAAGGACGTTACCTGGGGCGTGAACAAGGAAGTCGGTGCTGGCTCACGTCTGCCGGAGCGGTGCGAGAAAATGCGAGCCAAGGCCGCGCACTACGGATGGGAGAACGTGTGA
gene-PPLUZ19_gp40	phage	gp40	1.6979484490327883	0	0	0	0.0	68.85417587257581	16.66180656165387	4331.902456447149	late	MFKTEVKGRYTLIRRKADGTPVETLEFDNIITNAGLDWIAAMDTDLMGEPVAVSTSTADPNPSAPAIPEVVQRTSASAPGGGTTSGLDGEWLFWRRRWRFPQGTLAGQVLATVGLICNSDRRFESNTGELIPKDTPLSYTRIKDAAGQPTTLVVAADEILDVQYEFRSRPVGTAEAKFVISGVERTFRLIPKPFANRANLSGERYIFYNTNPYINGKDASGGNVRDGQWQKKYPKYVRGSYKAQITLLAQVQNGNMAGGITGTEELQIYNGRNYVLDINPPVVKNNTQEFTVTLEFTVARA	ATGTTTAAGACCGAAGTAAAGGGACGTTACACCCTGATTCGCCGCAAGGCGGACGGCACTCCGGTGGAGACTCTGGAGTTCGACAACATCATTACGAATGCGGGCCTGGATTGGATCGCCGCTATGGATACCGACCTCATGGGCGAACCCGTAGCGGTCAGCACTTCTACAGCCGATCCCAACCCGAGCGCACCCGCCATCCCGGAGGTTGTGCAACGCACGTCCGCATCTGCCCCTGGTGGAGGTACTACGTCGGGCCTGGATGGCGAGTGGCTGTTCTGGCGGAGGCGTTGGAGATTCCCGCAGGGCACCCTAGCTGGTCAAGTCCTGGCCACCGTGGGCCTCATCTGCAACTCGGATCGTCGCTTCGAGAGTAACACGGGTGAGCTGATCCCGAAGGATACCCCGCTGTCGTACACTCGCATCAAGGACGCCGCCGGGCAGCCTACTACTCTGGTGGTGGCCGCTGACGAGATTCTGGATGTCCAGTACGAGTTCCGCAGCCGGCCCGTAGGAACGGCTGAGGCCAAGTTCGTGATCTCCGGCGTGGAACGCACCTTCCGGCTGATCCCAAAGCCTTTTGCGAACCGTGCTAATCTCTCCGGGGAACGCTACATCTTCTACAACACCAACCCCTACATCAACGGCAAGGACGCCTCCGGCGGCAATGTCCGAGACGGTCAGTGGCAGAAGAAATATCCCAAGTACGTGCGCGGCTCCTACAAGGCGCAGATCACGCTGCTGGCCCAGGTCCAGAACGGCAATATGGCTGGCGGCATCACCGGCACCGAGGAACTCCAGATTTACAATGGACGTAACTATGTGCTCGATATCAACCCGCCTGTTGTGAAGAACAATACCCAGGAGTTCACCGTGACCCTGGAGTTTACGGTGGCGAGGGCATAA
gene-PPLUZ19_gp44	phage	gp44	1.564121015403338	0	0	0	0.0	26.042714486850063	9.66000167123772	409.86219583333207	late	MMLDTATEAGKGTLAVTGVGIAVYSPYEIASLCAAVLTALYVGAQLITLLPKMLDSIAELRRRFKK	ATGATGCTCGATACCGCCACCGAGGCGGGCAAAGGCACCCTCGCCGTCACCGGCGTGGGGATCGCCGTTTACTCGCCCTATGAGATCGCCAGCCTCTGTGCTGCGGTACTCACCGCGCTCTACGTGGGCGCCCAGCTCATCACCCTGCTCCCGAAGATGCTCGATAGCATCGCGGAGCTTCGCCGGAGGTTCAAGAAGTGA
gene-PPLUZ19_gp48	phage	gp48	1.050827371579025	0	0	0	0.0	91.96918166949256	30.291532116540708	250.21776145931216	late	MATFAAATQKDLRAFAGTIENLIRPLEEAALGSGFTEVITITKDTDGNETRTSERKVRPELVANLDALMAAVETAKAAVYK	ATGGCAACCTTCGCCGCTGCAACTCAGAAAGACCTCCGCGCCTTCGCCGGCACCATCGAGAACCTGATCCGCCCTCTGGAAGAAGCGGCCTTGGGTTCCGGCTTCACCGAGGTGATCACCATCACCAAGGACACCGATGGCAACGAGACTCGCACCTCCGAGCGTAAGGTACGTCCCGAGCTGGTCGCTAACCTCGACGCCCTGATGGCCGCTGTCGAGACCGCCAAAGCCGCCGTCTACAAGTAA
gene-PPLUZ19_gp5	phage	gp5	0.8655742667131824	0	0	0	0.3104232683348399	5147.123078696704	9185.098825658151	1968.4933321582423	middle	MSSRDPYRIGHRVGLVNYSDRYLGADAAGTKGTIEAITRPSRCMTIYHVRCERTLRLIEAEARNVRFIRQRAER	ATGTCCTCGCGTGATCCCTACCGCATCGGCCACCGCGTGGGGCTGGTGAACTACAGCGACCGCTACCTGGGTGCCGACGCGGCAGGCACCAAGGGCACCATCGAAGCCATAACCCGACCGTCCCGCTGTATGACGATCTACCACGTGCGCTGTGAGCGGACCCTGCGCCTGATCGAGGCCGAGGCCCGCAACGTGCGATTCATCCGACAGCGGGCGGAGCGGTGA
gene-PPLUZ19_gp6	phage	gp6	0.9727258052794364	0	0	0	0.0	2492.438974050194	6774.14039749324	1287.1531789984624	middle	MTLVATVVDSAHNLEVDDLTAGNLYAASSPSGNMFIVVVGNHNGRRLPVVLSSTDTRTIGDVISNTGFRYSEIAGFSVNLAQGDYD	ATGACCCTCGTGGCCACCGTAGTAGACAGCGCGCACAACCTGGAAGTCGACGACCTCACCGCCGGCAACCTGTATGCCGCCAGCTCGCCCAGCGGGAACATGTTCATCGTGGTAGTGGGTAATCACAATGGGCGCAGGCTTCCCGTAGTCCTGTCATCCACCGATACCCGCACCATCGGGGACGTGATAAGCAACACTGGGTTCCGGTACAGTGAGATCGCCGGGTTCTCCGTAAACCTGGCACAGGGAGATTATGACTGA
gene-PPLUZ19_gp46	phage	gp46	1.3683235261568998	0	0	0	0.0	85.12344952304352	32.743260622127345	582.0374330639589	late	MPRTIVAILVLAVVALGASYGFVQSYRALGIAQEEIKRQTARAEALEVRYATLQRHVQEVAARTNTQRQEVDRALDQNRPWADRPVPAAVVDSLCNRPGARCAVRTPTD	ATGCCTCGAACCATCGTCGCAATACTCGTCCTTGCTGTGGTAGCCCTGGGAGCCTCGTACGGCTTCGTCCAGAGCTACCGGGCCTTGGGTATCGCCCAGGAGGAGATCAAGCGGCAGACGGCCCGTGCGGAGGCCCTGGAGGTGCGTTATGCTACCTTACAGCGCCACGTCCAGGAGGTCGCTGCCAGGACCAACACCCAGCGCCAGGAGGTGGACCGTGCCCTGGACCAGAACCGCCCGTGGGCTGACCGGCCTGTGCCTGCTGCTGTCGTTGACAGCCTGTGCAACCGCCCCGGCGCCCGCTGTGCTGTGCGAACACCCACTGATTGA
gene-PPLUZ19_gp46.1	phage	gp46.1	1.49290034305899	0	0	0	0.0	28.650215459674044	8.571536693888866	289.729603179758	late	MPWTRTARGLTGLCLLLSLTACATAPAPAVLCEHPLIDPTTQAGLIRAVAAYQDALDLCNALNQGD	GTGCCCTGGACCAGAACCGCCCGTGGGCTGACCGGCCTGTGCCTGCTGCTGTCGTTGACAGCCTGTGCAACCGCCCCGGCGCCCGCTGTGCTGTGCGAACACCCACTGATTGACCCTACCACCCAGGCTGGCCTGATCCGCGCTGTAGCGGCCTATCAGGACGCCCTGGACCTATGCAACGCCTTGAATCAAGGAGACTGA
gene-PPLUZ19_gp31	phage	gp31	1.6670838359573563	0	0	0	0.0	267.43071071463675	136.5823058995581	13398.738245304938	late	MTQQNEQQLPPGLANLVANVPPAAAPTPSHVQVMPNPVIQPQAPVQPGQVGAPQQLAIPTQQPQPVPTSAMTPHYQPVAAPAVGQPVVPQAPAQPAPVAPPAAGAVLPENLEVPPPPAFTPNGEIVGTLAGNLEGDPQLAPSISYLEAFSDKLDTVRAFGKAAENRDPRFIDEHYLKEVLGPAQAQHVINVAKGVLTYVDAQTKAVLSQTYAAVGGEAILKQAAGVFNQHADPATKAAIGRLMDSGDAQAMQYAAKQIVAFAQGSGAVVQATGQPLGAAAPALAALSAEQYRLEVSKLPLNASEAEMAALRERRKAGMAQGI	ATGACCCAACAGAACGAACAGCAACTGCCGCCGGGCCTCGCTAACCTGGTTGCCAACGTACCGCCCGCCGCCGCGCCGACTCCGAGTCATGTGCAGGTGATGCCGAACCCGGTGATCCAGCCGCAGGCTCCGGTCCAGCCCGGCCAGGTAGGTGCGCCGCAGCAACTGGCCATCCCGACCCAGCAGCCGCAACCCGTTCCGACCAGCGCCATGACGCCGCACTACCAGCCGGTAGCGGCACCTGCCGTGGGTCAACCCGTTGTTCCGCAAGCACCCGCTCAGCCGGCCCCGGTAGCTCCGCCGGCTGCGGGTGCAGTTCTTCCCGAGAACCTGGAAGTCCCGCCGCCGCCGGCCTTCACTCCCAACGGGGAGATCGTGGGCACCTTGGCAGGGAACCTCGAAGGCGACCCGCAGTTGGCGCCCTCTATCAGCTATCTGGAAGCGTTCTCTGACAAGCTGGATACCGTCCGAGCCTTCGGCAAGGCCGCCGAGAACCGCGATCCTCGGTTCATCGACGAGCACTATCTGAAGGAAGTTCTCGGCCCGGCCCAGGCGCAGCACGTCATCAACGTGGCCAAGGGCGTCCTGACCTATGTTGATGCGCAGACCAAGGCCGTCCTGAGCCAGACCTATGCCGCCGTCGGCGGTGAGGCCATCCTGAAGCAGGCTGCCGGCGTCTTCAACCAACACGCTGACCCGGCCACCAAGGCCGCCATCGGTCGGCTGATGGACTCGGGCGATGCCCAGGCCATGCAATACGCAGCGAAGCAAATTGTGGCCTTCGCACAAGGCTCGGGTGCCGTGGTACAGGCTACCGGCCAACCCCTGGGTGCTGCGGCACCTGCACTGGCAGCTCTGAGCGCTGAGCAGTACCGCTTGGAAGTATCTAAGCTGCCGCTGAACGCATCCGAAGCCGAGATGGCTGCGCTGCGCGAGCGTCGTAAGGCAGGCATGGCGCAGGGTATCTAG
gene-PPLUZ19_gp9	phage	gp9	1.251814556462986	0	0	0	0.3104232683348399	1474.4873035936898	11751.592498316002	1819.3537987722625	middle	MIRTHTHNTDREQRRIYKPTELMSGEMYSVVQPESKRGTLVVGVATWDSQSRPVVLPVVIHEEGAYSSPCPTVLRNDGWRMVLADKGTQVTLTAE	ATGATCCGTACCCATACCCACAACACCGACCGCGAACAGCGCCGCATCTACAAGCCCACTGAGCTGATGTCGGGTGAGATGTACAGCGTAGTGCAGCCCGAGTCCAAGCGTGGCACGCTGGTGGTCGGAGTAGCAACCTGGGATAGCCAGAGCCGACCTGTGGTGCTGCCCGTGGTCATCCACGAGGAGGGTGCGTATTCCTCGCCCTGTCCCACCGTTCTGCGGAACGACGGCTGGCGCATGGTGCTTGCCGACAAGGGCACCCAAGTGACACTCACCGCCGAGTGA
gene-PPLUZ19_gp19	phage	gp19	1.0042226108784216	0	0	0	1.5521163416742	10.443919832446213	91174.2984849803	90911.18368323545	middle	MTTIRILDLETESYEHKGRKASPFDPRNYIVMAGWRDDVDGKVGQKVEHRFRSRAEAEDPNNRWFNLDGVDVIVAHNAMFESNWFFTRYRDEYLAFLRRGGRVWCTQQAEYLLSHQTWLYPALDELAPKYGGTHKVDGIKMLWDQGVLTSEMDQDLLSEYLSGPCGDIENTALVFYGQLMKLQARGMWAGYLERCEALIGFSAMECAGLKVDLEVAKVNHAKQLEEVAGIEAELKKLMPDFPEYFEFKYTSLYHMSAWLYGGEVRYKGRVPYEDGRMEKADFVRFGTAKRGTPIESTSVRVPIHEVTDQGEWHWPTITELATKHGPVITFSAGKNKGSVKVFREDTDIPATKWDDDQRFRFPGLINLNNLPEVVREKFLGKRPEFQCALTLADGSPVFSTSGDALKALEKQGFEAAKLLMRLAELHKDNSSFYITHTYNKDGTIKDTKGMLQYVDDDGIIHHSLNTTATATTRLSSSRPNLQQLPSKDEDDPEAGSRVKEMFVSRFGADGMIGETDYTALEVVMLAALSKDRNLLAKLMAGTDMHLYRLAGKHNNWNGFDYDQLVAIKKDPNHPWHGRMMQARKNIKPKAFSAQYGASAAGIAFNTGCTVEEAQEFLDNEAALFPESIAFRQIVRDSAEATSLVMYKAEDQMPAGAFSEMGPDGNWRQYRRGFWQAPGGTCYSFRQQERWDKEQRKTVMDFKDTQIANYWNQGEAGFMMTVSVGRIFRWMLHRPGFMVTEFLINNVHDAVYTDCHKDTAAEVNKGVRDIMADAARYMSERLGYDIADVPFPAVAEMGPNMFNMEVIQ	ATGACGACTATCCGAATCCTCGACCTCGAAACCGAGAGCTACGAGCACAAAGGGCGCAAGGCGTCGCCCTTTGACCCCCGCAACTACATCGTCATGGCCGGCTGGCGTGACGACGTTGACGGCAAGGTCGGCCAGAAGGTGGAACATCGCTTCCGCAGCCGTGCCGAAGCCGAAGACCCGAACAACCGCTGGTTCAACCTCGACGGCGTGGACGTGATCGTAGCCCACAACGCCATGTTCGAATCGAACTGGTTCTTCACCCGCTACCGGGACGAGTACCTGGCCTTCCTGCGACGCGGTGGCCGGGTCTGGTGTACCCAGCAGGCCGAGTATCTGCTGAGTCATCAGACGTGGCTGTACCCGGCACTCGACGAGCTGGCTCCGAAGTACGGCGGCACCCACAAGGTGGACGGCATCAAGATGCTGTGGGACCAGGGTGTGCTCACCTCGGAGATGGACCAGGACCTGCTGAGCGAGTACCTGTCCGGCCCATGCGGCGACATCGAGAATACCGCCCTCGTATTCTACGGCCAGTTGATGAAGCTCCAGGCCCGTGGAATGTGGGCTGGTTACCTGGAACGCTGCGAGGCCCTGATCGGTTTCTCGGCGATGGAGTGCGCCGGCCTGAAGGTGGACCTCGAAGTCGCCAAGGTGAACCACGCCAAGCAACTGGAAGAGGTGGCCGGGATCGAGGCCGAGCTGAAGAAGCTGATGCCCGACTTCCCGGAATACTTCGAGTTCAAGTATACCAGCCTCTACCATATGAGCGCATGGCTCTACGGTGGCGAGGTGCGGTACAAGGGCCGGGTGCCGTACGAAGATGGCCGGATGGAGAAAGCCGACTTCGTGCGCTTCGGTACGGCCAAGCGGGGGACTCCCATCGAGAGTACCTCGGTCCGCGTCCCGATTCACGAAGTGACCGACCAGGGTGAGTGGCACTGGCCTACCATCACCGAGCTGGCGACCAAGCACGGGCCGGTCATCACGTTCTCCGCCGGCAAGAACAAGGGCAGCGTCAAAGTATTCCGCGAGGACACGGACATTCCGGCGACCAAGTGGGACGACGACCAGCGCTTCAGGTTCCCCGGTCTAATCAACCTGAACAATCTGCCCGAGGTAGTCCGGGAGAAATTCCTGGGCAAGCGCCCGGAGTTCCAGTGCGCCCTCACCCTGGCTGATGGATCGCCCGTGTTCAGCACCAGTGGCGACGCCCTCAAGGCTCTGGAGAAACAGGGCTTCGAGGCGGCCAAGCTGTTGATGCGCCTGGCTGAACTGCACAAGGACAACTCCTCGTTCTACATCACCCACACCTACAACAAGGATGGGACGATTAAGGACACGAAGGGGATGCTCCAGTACGTGGACGACGACGGCATCATCCACCATTCGCTGAATACGACGGCGACGGCGACAACGCGTCTGTCGTCCAGCCGCCCGAACCTCCAGCAGCTCCCGTCGAAGGACGAGGACGACCCGGAAGCCGGCAGCCGCGTGAAGGAGATGTTCGTGTCTCGCTTCGGCGCGGACGGGATGATCGGCGAGACCGACTATACCGCCCTGGAGGTGGTGATGTTGGCGGCCCTGTCGAAGGATCGGAACCTCCTGGCGAAACTGATGGCCGGCACTGACATGCACTTGTACCGCCTGGCAGGGAAGCACAACAACTGGAACGGGTTCGACTACGACCAGCTCGTGGCCATCAAGAAGGACCCAAACCACCCGTGGCACGGTCGCATGATGCAGGCTCGAAAGAACATCAAGCCCAAGGCATTCTCGGCGCAGTACGGCGCGAGTGCGGCTGGTATCGCATTCAACACCGGCTGTACCGTGGAAGAGGCCCAGGAATTCCTGGACAACGAGGCGGCCCTGTTCCCAGAGTCCATCGCATTCCGGCAGATCGTCCGCGACAGTGCAGAGGCCACCAGCCTCGTCATGTACAAGGCCGAGGACCAGATGCCGGCAGGCGCCTTCAGCGAGATGGGGCCGGATGGCAACTGGCGCCAGTACCGCCGGGGATTCTGGCAAGCGCCGGGTGGCACCTGCTACAGCTTCCGCCAACAGGAGCGCTGGGACAAGGAACAGCGCAAGACGGTCATGGACTTCAAGGACACGCAGATCGCCAACTACTGGAACCAGGGCGAGGCTGGGTTCATGATGACCGTGAGCGTAGGGCGCATCTTCCGTTGGATGCTGCATCGCCCAGGATTCATGGTCACCGAGTTCCTGATCAACAACGTACACGATGCCGTGTACACCGACTGCCACAAGGACACCGCCGCCGAGGTCAACAAGGGCGTGCGCGACATCATGGCCGACGCTGCCCGCTACATGAGCGAGCGCCTGGGCTACGACATCGCCGACGTTCCGTTCCCGGCAGTGGCTGAGATGGGGCCGAACATGTTCAATATGGAGGTGATCCAGTGA
gene-PPLUZ19_gp24	phage	gp24	1.3765403993186052	0	0	0	0.0	5.825353818021482	11729.371306534798	58834.29924789425	late	MSKLRKQFTNEYLRNVYVELGLKKGAEHLTQHSRFGEVSRQCFRNWCIKLGFHDSRTRGMYAKKGAMHWLGRKAAEVVRKFPGAVGNVVGEGPKVLSLDIETSPIEGWVWSLWKQNVGLNQIKRDWTILSFCAKWMHSDEVIYMDCQGDPLDDMHLLVALHKLLDEADIIIVQNGKRFDVPKINARFFLNKMPPPRPFKVIDTLIIAKQQFAFTSRKLEYMTHKACTIKKRLHGKFPGFDLWAACLQDNPEAWEEMRLYNIDDVRSMEELYILMRPWFVGHPNVAVYFNDAEPTIRCPKCGDTDVKQEGWVHTQTGKYEHYHCGGCGGWSRGRYTRNTSEQRKALLSN	ATGAGCAAACTCCGCAAGCAATTCACCAATGAATACCTGCGCAACGTCTATGTTGAGCTGGGCCTCAAGAAGGGCGCCGAGCATCTGACCCAGCATTCGCGCTTCGGCGAAGTAAGCCGCCAGTGCTTCCGCAACTGGTGCATCAAGCTGGGCTTCCACGACAGCAGAACGCGTGGTATGTACGCCAAGAAGGGCGCGATGCACTGGCTGGGCCGCAAGGCAGCCGAGGTAGTGCGCAAGTTCCCCGGCGCCGTGGGTAACGTGGTCGGCGAAGGGCCGAAGGTGCTGAGCCTGGACATCGAGACCTCGCCTATCGAGGGTTGGGTCTGGTCGCTCTGGAAGCAGAACGTTGGCCTCAACCAGATCAAGCGGGACTGGACCATCCTGTCGTTCTGCGCGAAGTGGATGCACAGCGACGAGGTGATCTACATGGACTGCCAAGGTGATCCCTTGGACGACATGCACCTGCTGGTCGCCCTGCATAAGCTGCTGGATGAAGCCGACATCATCATCGTCCAGAACGGCAAGCGCTTCGACGTGCCCAAGATCAACGCCCGGTTCTTCCTGAACAAGATGCCGCCGCCACGACCGTTCAAGGTGATCGATACCTTGATCATCGCCAAGCAGCAATTCGCGTTCACCAGCCGCAAGCTGGAGTACATGACCCACAAGGCATGCACCATCAAGAAGCGCCTCCACGGCAAGTTCCCCGGATTCGACCTGTGGGCAGCCTGCCTCCAGGACAACCCGGAAGCCTGGGAGGAGATGCGCCTGTACAACATCGACGACGTACGATCGATGGAGGAGCTGTACATCCTGATGCGCCCGTGGTTCGTCGGCCATCCCAACGTGGCCGTGTACTTCAATGACGCCGAGCCGACCATCCGCTGCCCGAAGTGCGGCGACACGGATGTCAAGCAAGAGGGCTGGGTGCATACGCAGACCGGCAAGTACGAGCACTATCACTGCGGCGGCTGTGGTGGCTGGAGCCGGGGGCGGTACACCCGCAACACCTCGGAACAGCGCAAAGCCCTGCTGAGCAACTAA
gene-PPLUZ19_gp11	phage	gp11	1.3675871393860155	0	0	0	0.0	898.3879994285271	23496.34467216335	4244.171395450081	middle	MSKRNPEHINGTVRSVSVQKLAATQELEDRLEAALAVCQQRAEDIDLLSRRLQAAERARRWEIDEIRNHQATIRLLQNDLNAAHDAHEAQERRARKATIMAWVCLLTAGLAVTLKLAGV	ATGAGCAAGCGCAACCCCGAACACATCAACGGCACCGTTCGTAGCGTCAGCGTCCAGAAGTTGGCGGCCACCCAGGAACTGGAGGATCGTCTGGAGGCTGCCCTGGCCGTGTGCCAGCAGCGGGCAGAGGACATCGACCTGCTGAGCCGCCGTCTCCAGGCCGCCGAGCGCGCCCGTCGCTGGGAGATCGACGAGATTCGCAACCACCAGGCGACCATCCGCCTGTTGCAAAACGATCTGAACGCTGCGCATGATGCCCACGAGGCACAAGAGCGCCGCGCTCGCAAGGCAACCATCATGGCCTGGGTATGCCTGCTGACCGCAGGTTTGGCCGTCACCCTGAAGCTGGCAGGAGTCTGA
gene-PPLUZ19_gp27	phage	gp27	1.596599068477336	0	0	0	0.0	47.869373524868166	507.138664958692	8678.954977136404	late	MATMKTHRPTVMSPTVEGSRTGKGTARPVTFTSQQIEWLEQTFPEHQIGPGTTMEDIQFQAGRRDVVRAVRLRRRDAIAVELK	ATGGCTACTATGAAGACCCACCGCCCTACGGTTATGTCACCCACAGTGGAAGGATCGAGAACAGGCAAGGGTACGGCCCGTCCTGTCACGTTCACCTCTCAGCAGATCGAGTGGTTAGAACAGACCTTCCCCGAACATCAGATCGGTCCTGGAACCACGATGGAAGACATCCAGTTCCAGGCCGGTAGGCGAGACGTGGTGCGAGCAGTACGCCTGCGCCGACGCGATGCCATCGCAGTGGAGCTGAAGTGA
gene-PPLUZ19_gp0.1	phage	gp0.1	0.71323637019758	0	0	0	0.2244518772930565	20756.888688769053	29041.104533567028	19947.341768783845	middle	MSADDPEEYAQDKPEPLILQGLCQCQGLSLEALPPRGFKRQT	ATGAGTGCTGACGATCCCGAAGAGTATGCGCAGGACAAGCCAGAACCGCTGATACTACAGGGACTATGCCAATGCCAAGGTTTGTCCCTTGAGGCCCTTCCACCGAGGGGATTCAAGAGACAGACCTAG
gene-PPLUZ19_gp4	phage	gp4	0.8443793820200225	0	0	0	0.3104232683348399	9927.82171623677	12144.482051080213	2507.6670829254685	middle	MQALNTLLIAIPKDPTAGMHAADKVLCAHGFRMGDLNTAHVLTPGGFVVVGAGVTVNRYDEAYRMSRNLDSEGFDVLLVQGSPLSGRVTCQAYGWINAEYRKGCANGRPIFDIAGTSYHVLA	ATGCAAGCTTTGAATACCCTGTTGATTGCAATCCCCAAGGACCCGACCGCAGGCATGCACGCCGCCGACAAGGTGCTGTGCGCCCACGGATTCCGCATGGGTGACCTGAATACCGCGCACGTCCTGACCCCAGGCGGGTTCGTGGTAGTGGGCGCCGGCGTGACTGTGAACCGCTATGACGAAGCGTATCGTATGAGCCGGAACCTCGACTCCGAAGGCTTCGACGTGCTGCTGGTCCAGGGCAGCCCGCTGTCCGGGCGTGTCACCTGCCAGGCGTACGGATGGATCAACGCTGAATACCGCAAGGGCTGCGCGAACGGGCGCCCGATCTTCGACATCGCAGGAACCTCTTACCATGTCCTCGCGTGA
gene-PPLUZ19_gp42	phage	gp42	1.6773038505147988	0	0	0	0.0	39.51844963591536	10.47171322301868	1886.8640511861236	late	MSKKQTASAERLGLLHELVCTAIERNFKWYMDNDIPIPASDIAAATKFLKDNEITCDPSDTINIDRLREEMRQAQAENRRIALEGFIAGETDDEMERLYTH	ATGAGTAAAAAGCAGACCGCGAGTGCTGAGCGGCTGGGCCTGCTTCACGAGCTGGTCTGCACCGCTATCGAGCGCAACTTCAAGTGGTACATGGACAACGACATCCCAATCCCCGCATCGGATATCGCTGCCGCCACCAAGTTCCTCAAGGACAACGAGATCACCTGTGATCCGTCCGACACCATCAACATCGACCGTCTCCGCGAGGAGATGCGGCAGGCGCAGGCGGAGAATCGCCGAATTGCCTTGGAGGGCTTCATCGCTGGCGAGACCGACGACGAGATGGAACGTCTGTACACCCACTAA
gene-PPLUZ19_gp7	phage	gp7	1.0679773402894832	0	0	0	0.0	2709.2109411097044	11629.021144269584	2446.98573615203	middle	MVTRTVYVTPEDPTPPILSVGRLAPGELYKVVAPSSAEGIIVLATKQTPALAQAAVVLHSMNPAQYPAGSAILNTAWKCRRLGVGEYVKLVQGEED	ATGGTCACCCGTACTGTATACGTCACGCCTGAAGACCCGACGCCGCCGATCTTGTCCGTGGGCCGACTGGCTCCGGGAGAACTCTACAAGGTGGTGGCACCCAGCTCGGCGGAAGGTATCATTGTGCTGGCGACCAAGCAGACGCCGGCGCTAGCCCAAGCAGCCGTCGTACTGCACAGCATGAACCCTGCGCAGTATCCCGCAGGTTCGGCTATCCTCAACACGGCCTGGAAGTGCCGCCGCCTGGGAGTGGGCGAGTACGTCAAGCTCGTCCAAGGGGAGGAGGACTGA
gene-PPLUZ19_gp26	phage	gp26	1.4741804213988656	0	0	0	0.448903754586113	4.581358508709044	8963.301632776036	67300.01973472044	late	MDLIQQQIAHEEALVGAAQNDARIALEKAIAQGSIDRIPRARIMLMRMLPIVTEAIFAHQEAKAAGPAAKLRHLLRIIDAQDLAVMALRAGLSMLINYPTITATKYYTHMGKILCREIEVRLAFKVNQPYYDRTLDYLKTSRTRSVRHIQKTMDALLDAVLPEEARIDLPDGDYLRLGKFIGDPLIQCGLFEPNRFTGRGGTSVHLEPSPEAKEFLQDPSAAMTWGGPGRSVMLAPPRPWNDWCDGGYYSAKAQKHHVLVRRTKHQTKRARQMQLRHLGRDKMPRVYEAVNALQSVAYEINHDVYEIIERVFTSGGGVLGIPQRTYPDKPEFPLGDEWAKENASEQELEAFNRWKRSVHRWYTGEREHTAKLREFAALYRVVREHHGKAVYFPMHVDSRGRMYYWGTPNPQGSDIAKACLRFHEKRALGKRGLYWLKVHVANSLGCDKVYFDDRAAWVDERWDDFQRALDEGPENYPGLFPEDESPLCAIAGLLELRAAYASGQPERYQSGFIVHMDATCSGLQHYSAILRDEVGGAYVNLLPPGLAKADIYSRVLALVAESLARDREGAEGEARGYAVLWDKAGLSRSLTKKPCMTLVYGTTFKGVVDHCLDYLDEAGLEIPEGIPSYRLGSYMATLILDAIRETVPSAVFAMEWLQRLARALPDASKDLHWTTPLGMQVFQSYPKTEEVRVRLRAEAVEYVTLYEAKDELDPVRNANGIAPNFVHGLDSSHLGLTALACAAEGIPIQAIHDSMGTYAADVDRMHVHIREQFIAMYSGPCVLVELAKQLGIEATPPRRGSLNLEAVRDSWAFFC	ATGGACCTGATACAGCAGCAGATCGCCCACGAAGAGGCCCTGGTCGGGGCGGCGCAGAATGACGCCCGCATTGCCTTGGAAAAGGCGATTGCCCAAGGGTCCATCGACCGCATCCCGAGGGCGCGCATCATGTTGATGCGGATGCTCCCCATCGTGACCGAAGCGATCTTCGCCCACCAGGAAGCGAAGGCGGCGGGGCCGGCAGCGAAGCTCCGGCACCTGCTGCGGATCATCGACGCCCAGGACCTCGCGGTCATGGCGCTGCGGGCTGGGCTGTCGATGCTCATCAACTACCCAACGATCACAGCGACGAAGTATTACACCCACATGGGTAAGATACTCTGTCGAGAGATCGAAGTGCGGTTGGCCTTCAAGGTCAACCAACCCTATTACGACCGGACGCTGGACTACCTCAAGACCAGCAGGACTCGCAGCGTCCGGCACATCCAGAAGACGATGGACGCTCTTCTGGACGCGGTACTACCGGAAGAGGCACGTATCGACCTGCCGGATGGCGACTACCTGCGCCTCGGCAAGTTCATCGGTGATCCGCTGATACAGTGCGGCCTGTTCGAGCCGAACCGCTTCACAGGTCGTGGAGGTACGAGCGTCCACCTGGAGCCGTCGCCGGAAGCCAAGGAGTTCCTGCAAGACCCTTCGGCGGCGATGACCTGGGGAGGCCCAGGCCGTAGCGTGATGCTGGCACCGCCGCGACCATGGAACGACTGGTGCGATGGCGGTTACTACAGCGCTAAGGCGCAGAAGCACCATGTGCTAGTGCGCCGTACCAAGCACCAGACCAAGCGGGCGCGCCAGATGCAGCTACGCCACCTGGGCCGGGACAAGATGCCCAGGGTGTATGAGGCGGTCAACGCGCTGCAATCAGTGGCCTACGAGATCAACCACGACGTGTACGAGATCATCGAGCGCGTCTTCACTTCCGGCGGTGGTGTGCTGGGCATCCCTCAGCGCACCTACCCGGACAAACCTGAGTTCCCGCTCGGCGACGAGTGGGCCAAGGAGAACGCCAGTGAACAAGAGCTGGAAGCCTTCAACCGCTGGAAGCGATCCGTCCACCGATGGTACACCGGCGAGCGGGAGCATACCGCCAAGCTTCGCGAGTTTGCTGCACTCTACCGAGTTGTTCGAGAGCATCATGGCAAGGCAGTGTACTTCCCGATGCACGTTGACTCCCGTGGCCGCATGTACTATTGGGGCACACCGAATCCCCAAGGGTCCGACATCGCCAAGGCGTGTCTGCGATTCCACGAAAAGCGTGCCCTCGGTAAGCGCGGCCTGTACTGGCTCAAAGTCCACGTCGCCAACTCCCTCGGATGTGACAAGGTATACTTCGACGACCGGGCGGCTTGGGTTGACGAACGCTGGGACGACTTCCAGCGAGCACTCGACGAAGGCCCGGAGAACTATCCTGGTCTCTTCCCGGAAGACGAGTCGCCCCTGTGCGCCATCGCAGGTCTGCTGGAACTGCGGGCGGCTTACGCATCTGGCCAGCCCGAGCGATACCAGAGCGGATTCATCGTCCACATGGATGCAACCTGCTCCGGCCTCCAGCACTACTCAGCCATTCTGCGAGATGAGGTCGGCGGAGCATACGTCAACCTCCTCCCGCCTGGACTTGCCAAAGCTGACATCTACTCCCGAGTTCTCGCACTCGTTGCAGAGTCTCTGGCACGGGACAGAGAGGGTGCTGAAGGCGAGGCTCGGGGCTACGCTGTATTGTGGGATAAGGCCGGTCTATCCCGGAGCCTGACGAAGAAACCCTGCATGACGTTGGTGTACGGCACCACATTCAAGGGCGTGGTGGACCACTGCCTGGACTACCTGGACGAGGCTGGTCTGGAGATTCCCGAGGGTATCCCGTCATACCGCCTGGGAAGCTACATGGCAACGCTCATACTGGACGCAATCCGCGAGACAGTACCCTCGGCAGTCTTCGCCATGGAGTGGCTCCAGCGGCTTGCTAGGGCCCTTCCTGACGCATCCAAGGATTTGCACTGGACCACGCCGCTCGGCATGCAGGTCTTCCAGTCCTACCCGAAGACCGAGGAGGTGCGAGTACGGCTGCGCGCCGAGGCTGTCGAGTACGTCACCCTGTACGAGGCCAAGGACGAGCTGGACCCGGTACGCAACGCCAACGGCATCGCTCCGAACTTCGTCCACGGGCTGGACAGCAGCCACCTGGGCCTGACGGCCTTGGCATGCGCGGCAGAGGGAATCCCGATCCAGGCCATCCACGACAGCATGGGCACTTATGCGGCAGACGTGGACCGGATGCACGTTCACATCAGGGAGCAGTTCATCGCCATGTACAGTGGCCCCTGTGTGCTCGTAGAGCTGGCAAAGCAGCTTGGTATAGAGGCTACCCCGCCCCGGAGAGGATCGTTGAATCTGGAGGCTGTACGGGACTCCTGGGCGTTCTTCTGCTGA
gene-PPLUZ19_gp34	phage	gp34	1.7315385600570132	0	0	0	0.2244518772930565	89.69729214129127	57.83603357700416	28414.799345936823	late	MSYKQSAYPNLLMGVSQQVPFERLPGQLSEQINMVSDPVSGLRRRSGIELMAHLLHTDQPWPRPFLYHTNLGGRSIAMLVAQHRGELYLFDERDGRLLMGQPLVHDYLKANDYRQLRAATVADDLFIANLSVKPEADRTDIKGVDPNKAGWLYIKAGQYSKAFSMTIKVKDNATGTTYSHTATYVTPDNASTNPNLAEAPFQTSVGYIAWQLYGKFFGAPEYTLPNSTKKYPKVDPDANAATIAGYLNQRGVQDGYIAFRGDADIHVEVSTDMGNNYGIASGGMSLNATADLPALLPGAGAPGVGVQFMDGAVMATGSTKAPVYFEWDSANRRWAERAAYGTDWVLKKMPLALRWDEATDTYSLNELEYDRRGSGDEDTNPTFNFVTRGITGMTTFQGRLVLLSQEYVCMSASNNPHRWFKKSAAALNDDDPIEIAAQGSLTEPYEHAVTFNKDLIVFAKKYQAVVPGGGIVTPRTAVISITTQYDLDTRAAPAVTGRSVYFAAERALGFMGLHEMAPSPSTDSHYVAEDVTSHIPSYMPGPAEYIQAAASSGYLVFGTSTADEMICHQYLWQGNEKVQNAFHRWTLRHQIIGAYFTGDNLMVLIQKGQEIALGRMHLNSLPAREGLQYPKYDYWRRIEATVDGELELTKQHWDLIKDASAVYQLQPVAGAYMERTHLGVKRETNTKVFLDVPEAVVGAVYVVGCEFWSKVEFTPPVLRDHNGLPMTSTRAVLHRYNVNFGWTGEFLWRISDTARPNQPWYDTTPLRLFSRQLNAGEPLVDSAVVPLPARVDMATSKFELSCHSPYDMNVRAVEYNFKSNQTYRRV	ATGAGCTACAAGCAATCCGCGTATCCCAATCTGCTGATGGGTGTGAGCCAGCAGGTGCCCTTCGAGCGCCTGCCGGGCCAGCTCAGCGAGCAGATCAACATGGTATCCGATCCCGTGTCAGGACTTCGGCGGCGCAGCGGTATCGAGCTGATGGCCCACCTGCTGCATACCGACCAGCCCTGGCCGAGGCCGTTCCTCTACCACACGAACCTCGGTGGCCGCAGCATTGCGATGCTGGTGGCGCAGCACCGTGGCGAGCTGTACCTGTTCGACGAGCGGGACGGTCGCCTGCTGATGGGTCAGCCCCTGGTGCATGACTACCTCAAGGCCAACGATTACAGGCAGCTACGGGCCGCCACGGTGGCCGATGACCTGTTCATCGCCAACCTGAGTGTAAAGCCCGAGGCCGACCGCACCGACATCAAGGGCGTAGACCCCAACAAGGCCGGCTGGCTGTACATCAAGGCAGGCCAGTATTCGAAGGCATTCTCCATGACCATCAAGGTCAAGGACAACGCCACCGGCACCACCTACAGCCACACGGCCACCTACGTGACGCCGGACAACGCCAGCACGAACCCCAACCTCGCTGAGGCGCCATTCCAAACGAGCGTAGGCTACATCGCGTGGCAGCTCTACGGCAAGTTCTTCGGTGCGCCGGAGTACACTCTGCCCAACTCGACGAAGAAGTACCCGAAGGTAGACCCGGACGCCAACGCGGCAACCATAGCCGGTTACCTCAACCAACGGGGCGTGCAGGACGGGTACATCGCGTTCCGTGGCGACGCCGATATCCACGTTGAAGTGTCCACGGACATGGGCAACAACTACGGCATAGCCTCCGGCGGTATGAGCCTCAACGCCACGGCAGACCTGCCGGCCTTACTGCCGGGCGCGGGTGCTCCTGGCGTGGGTGTGCAGTTCATGGACGGCGCTGTCATGGCCACCGGCTCCACCAAGGCCCCGGTATACTTCGAGTGGGATTCCGCTAACCGCCGCTGGGCAGAGCGGGCCGCCTACGGCACCGATTGGGTCCTGAAGAAGATGCCACTGGCCCTGCGCTGGGATGAGGCTACCGACACCTACAGCTTGAACGAGCTGGAGTATGATCGACGTGGCTCCGGCGACGAGGATACGAACCCCACGTTCAACTTCGTCACCCGAGGCATCACCGGCATGACGACCTTCCAGGGTCGCCTCGTCCTCCTGTCGCAGGAGTACGTCTGCATGTCGGCCAGTAACAATCCACACCGCTGGTTCAAGAAGTCGGCAGCCGCGCTGAACGACGATGATCCTATCGAGATCGCAGCCCAGGGGAGCCTGACTGAACCGTACGAGCACGCGGTCACCTTCAACAAGGACTTGATCGTCTTCGCCAAGAAGTATCAGGCCGTGGTCCCCGGTGGCGGCATTGTAACTCCCCGGACGGCGGTTATCAGCATCACCACGCAGTACGACCTCGATACCAGGGCGGCACCTGCCGTGACTGGCCGCAGTGTGTACTTCGCTGCGGAGCGTGCCCTGGGTTTCATGGGCCTGCATGAGATGGCCCCGTCTCCGTCCACGGACAGCCACTACGTCGCCGAAGACGTTACCAGCCACATCCCGAGCTACATGCCGGGGCCTGCTGAGTACATCCAGGCGGCGGCCTCCAGCGGCTACCTGGTGTTCGGCACCAGCACGGCGGACGAGATGATCTGCCACCAGTACCTCTGGCAGGGCAACGAGAAAGTGCAGAACGCGTTTCATCGCTGGACGTTGCGGCATCAGATCATCGGCGCCTACTTCACTGGTGACAACCTGATGGTTCTGATTCAGAAGGGCCAGGAGATCGCCCTGGGACGGATGCACCTGAACAGCCTGCCAGCCCGTGAGGGTCTGCAATACCCTAAATACGACTACTGGCGGCGTATCGAGGCGACCGTCGATGGTGAGCTGGAACTGACCAAGCAGCATTGGGACCTGATCAAGGATGCCTCTGCCGTGTACCAGCTACAGCCTGTGGCCGGCGCCTACATGGAGCGTACCCATCTCGGCGTGAAGCGCGAGACGAATACGAAGGTGTTCCTCGACGTGCCCGAGGCCGTGGTCGGGGCGGTGTATGTGGTCGGCTGCGAGTTCTGGTCGAAGGTGGAGTTCACTCCGCCGGTTCTCCGGGACCACAATGGCCTGCCCATGACCTCGACCCGTGCAGTGCTTCATCGGTACAACGTAAACTTCGGCTGGACCGGCGAGTTCCTGTGGCGCATCAGCGACACGGCTCGACCCAACCAGCCGTGGTACGACACGACGCCCCTCCGGTTGTTCAGCCGGCAACTCAATGCCGGGGAGCCTCTGGTGGATAGCGCTGTGGTGCCGCTGCCGGCACGGGTCGATATGGCCACGTCCAAGTTCGAGCTGAGCTGTCACAGTCCGTACGACATGAACGTTCGGGCTGTCGAGTACAACTTCAAGTCCAACCAAACCTACAGGAGGGTGTGA
gene-PPLUZ19_gp20	phage	gp20	1.037854933083183	0	0	0	0.3104232683348399	1.4973039054516994	6406.574408969989	9396.846282627796	late	MKELHPLHTPEFVKTFLDQTGCLPGVRRTGRTTGIALQAIGMALSHPRETLTFVDHPDGSAAALVASIETILATLGYKNVLVRPTTRSDGRSVSIVFKTLPNA	GTGAAAGAACTGCACCCGCTGCACACGCCTGAGTTCGTCAAGACATTCCTGGACCAGACCGGGTGCCTGCCGGGAGTACGCCGTACGGGTCGCACCACCGGCATTGCTCTACAGGCCATTGGCATGGCGCTGTCCCATCCGAGGGAAACCCTGACGTTCGTGGACCACCCGGACGGCAGCGCGGCAGCACTGGTGGCCAGCATTGAAACCATACTGGCGACCCTGGGCTACAAGAACGTCCTCGTTCGACCCACAACCCGTTCGGATGGGCGGAGCGTGAGCATCGTCTTCAAGACGCTGCCGAACGCCTGA
gene-PPLUZ19_gp8	phage	gp8	1.1809794741105704	0	0	0	0.0	1376.342868773812	9037.976818179162	1600.10554156502	middle	MAVAILILAVWLIGGALLFLPFALVVSPRLPLSDEALNRTALYTVLWPVTLPTLIAITVVVTLHSAYRAPSNSTRR	ATGGCCGTGGCAATACTCATCCTGGCCGTGTGGTTGATCGGCGGCGCCCTGCTATTCCTGCCGTTCGCCCTTGTGGTCTCACCGCGCTTGCCGCTATCCGACGAGGCCCTCAACCGAACCGCACTGTACACCGTGCTTTGGCCGGTAACCCTACCTACCCTGATCGCCATAACCGTGGTTGTCACGCTGCATTCCGCGTACAGGGCGCCATCGAACTCTACCAGGAGATGA
gene-PPLUZ19_gp14	phage	gp14	1.3015041437172077	0	0	0	0.62084653666968	42.959919461997735	49862.57736595653	12874.34261682968	middle	MALRRDSWLKQAQSLAVGQSGRFRHVLGCQSMSRGGTNMTCKNLPDRWVAYCYSCQEGGVVEKTHVRRVQCADQERFMPWPEDASDWTQADCYQSLYGLLLSKGIDYNVMTPGLPLLYSERQHRLIFPTDAGWIGRATADQNPKWVGYGYPAPDYHGWPQELSMGRPWVLTEDYLSALKVRWACPEVFAVGLNGTRLRDRLAAIMLQQTCKRAFIFLDGDPAGVRGSAGVMRRLRSLLIEGQVIPTPDGFDPKDLTREQIRSLVIGRIDATRTE	ATGGCACTGCGCCGTGACTCCTGGCTAAAGCAAGCGCAATCCCTGGCGGTCGGTCAGTCGGGTCGATTCCGCCACGTCCTGGGATGCCAGAGCATGAGCCGGGGCGGGACCAACATGACCTGCAAGAACCTTCCTGACCGCTGGGTGGCTTACTGTTACTCCTGCCAGGAAGGTGGTGTGGTCGAGAAAACGCATGTGCGGAGGGTACAATGCGCGGATCAAGAACGCTTCATGCCCTGGCCCGAGGATGCTTCGGACTGGACGCAAGCCGACTGTTATCAATCGCTTTATGGTTTGCTGCTGTCCAAGGGCATCGACTACAACGTGATGACGCCAGGGCTGCCGCTGCTGTACAGCGAAAGGCAGCATCGGCTTATCTTCCCTACCGACGCGGGCTGGATTGGGCGCGCTACTGCCGACCAAAATCCCAAGTGGGTGGGCTACGGGTATCCTGCCCCGGATTACCATGGATGGCCCCAGGAATTATCAATGGGCAGGCCATGGGTGCTGACGGAAGACTACTTGTCGGCGCTGAAGGTGCGGTGGGCCTGTCCCGAAGTCTTCGCTGTCGGTCTGAACGGTACAAGGCTGCGCGACAGGCTGGCGGCGATCATGTTGCAGCAGACCTGCAAGCGCGCCTTCATCTTCTTGGATGGCGACCCGGCAGGTGTCCGTGGTAGTGCAGGCGTGATGCGCCGGCTCCGGTCCCTGCTTATCGAAGGCCAAGTAATACCCACGCCGGACGGGTTCGACCCCAAGGACCTGACCCGCGAGCAGATAAGGAGCCTAGTAATTGGACGTATTGACGCTACACGCACTGAGTGA
gene-PPLUZ19_gp28	phage	gp28	1.624163622069151	0	0	0	0.0	65.47960516746352	732.7534691545955	14996.164446820008	late	MNKSIWRVHAKAGTPSELQGLCWLAIQELEEFTLFRSKDDALNTMLDSIEGNDRTELLVFRDGQLAGGACIVFEDDPHVGPCVTAQWQYVLPRYRNSGVVREFIRELHRQAGWGQIPLVCWSHRESDSRYTIHYRRAKPYGQESKEGVGQDHHRQTR	ATGAACAAGTCCATCTGGCGAGTCCACGCAAAGGCCGGCACTCCCTCGGAACTCCAGGGCCTGTGCTGGCTGGCGATACAGGAGTTGGAGGAGTTCACCCTCTTCCGCTCGAAAGACGACGCCCTGAATACGATGCTGGATAGTATCGAGGGCAATGATCGAACCGAGCTGCTGGTATTCCGCGACGGGCAATTGGCCGGCGGTGCCTGCATCGTGTTCGAGGACGACCCCCACGTCGGCCCGTGCGTCACAGCACAGTGGCAGTACGTCCTACCACGCTACCGCAATTCAGGTGTGGTTCGGGAGTTCATCCGCGAACTCCACCGTCAGGCCGGCTGGGGTCAAATCCCCCTCGTGTGCTGGAGCCATCGTGAAAGCGATAGCCGGTACACGATCCACTACCGGAGAGCCAAGCCTTATGGGCAAGAAAGTAAAGAAGGTGTTGGGCAAGACCATCATCGGCAAACTCGCTGA
gene-PPLUZ19_gp35	phage	gp35	1.7114114779141574	0	0	0	0.0	133.67044598784605	45.39190379984374	12620.50641428851	late	MAFWLPLLAAGGMSALQQGLANKEERNKIKAENKARLKTDLDNLGAAARDIANLGVMAASYRKQAVASQVEAKRQGMLAGGSAEAQAGAFGVKGASVDAVALDIEREVGEALIQIDDNLDNQMWNLAEQAHSIQAQAKAGLLGQKSTTAGQRSPLVAGLMSAGSLYASQYFKFGATPKGGN	ATGGCTTTCTGGCTACCACTATTGGCCGCTGGCGGCATGTCCGCCCTTCAACAGGGGCTGGCCAACAAGGAAGAGCGCAACAAGATCAAGGCCGAGAACAAGGCTCGACTGAAGACGGACCTCGACAACCTGGGCGCCGCTGCCCGCGACATCGCCAACCTCGGAGTCATGGCCGCTAGCTACCGCAAGCAAGCCGTGGCCTCGCAGGTGGAGGCCAAGCGCCAGGGGATGCTCGCCGGCGGAAGCGCCGAGGCTCAGGCCGGGGCGTTCGGCGTCAAGGGTGCATCCGTCGATGCGGTGGCCTTGGATATCGAGCGGGAGGTCGGCGAGGCCCTGATCCAGATTGACGACAACCTGGACAATCAGATGTGGAACCTCGCCGAGCAGGCGCACTCCATCCAGGCTCAGGCTAAGGCCGGCCTGCTGGGTCAGAAGAGTACCACGGCGGGGCAACGGTCCCCGCTGGTGGCCGGTCTGATGTCGGCGGGTTCCCTGTACGCAAGTCAATACTTCAAGTTCGGCGCCACGCCTAAAGGAGGCAACTGA
gene-PPLUZ19_gp41	phage	gp41	1.685860830272322	0	0	0	0.0	85.95779032289266	25.830289606966883	4553.166756628278	late	MALIYDFNPDLDPKAKSKFVGARGRRDISDVLDFCDGGVAIQDPSQGMMVRVWRTELRQDGTYLGHEDGSNEIRIGGGIEEGISTMSLDFDSNMNYVCAFVRADRTGAISYFNVQQGRRLLVELGQVDYAKVALDDKRPGATAWAQVIVPYTRNGNLYVRTQNENYTEEHLEVDTGKVFRPLVKCGMGTNLRFQVQFRGHM	ATGGCACTGATCTACGACTTCAACCCAGACCTTGATCCGAAGGCTAAGTCCAAGTTCGTAGGTGCGCGAGGCCGTAGGGACATCAGCGACGTGCTGGACTTCTGCGACGGGGGTGTGGCTATCCAAGACCCGTCGCAGGGCATGATGGTCCGCGTGTGGCGAACAGAGCTTCGCCAGGACGGGACCTATCTGGGTCACGAGGACGGCTCGAACGAGATTCGCATCGGCGGAGGTATCGAAGAAGGTATCTCCACGATGTCCCTCGACTTCGACAGCAACATGAACTACGTGTGTGCTTTCGTACGAGCCGACCGGACTGGTGCAATCTCCTACTTCAACGTGCAGCAGGGCCGCCGGCTCCTCGTGGAGCTTGGGCAGGTTGACTATGCCAAGGTGGCCCTGGACGACAAACGTCCGGGGGCTACCGCCTGGGCGCAGGTTATCGTGCCCTACACACGCAACGGGAACCTCTACGTCCGCACGCAAAATGAGAACTACACCGAAGAGCACCTGGAGGTGGATACCGGCAAGGTATTCCGGCCTCTGGTGAAATGCGGTATGGGCACCAACCTCCGCTTCCAAGTCCAATTCAGAGGGCACATGTAA
gene-PPLUZ19_gp32	phage	gp32	1.6108542568252002	0	0	0	0.0	874.7505238065817	315.67134694330184	21297.075514155265	late	MSFLNDLTRPNYAGKNADVDIHLEEHLGIVDKHFAYTSKFAPLMNIRDLRGSNVVRLDRLGNVEAKGRRAGEELERSRVVNDKWNLTVDTLLYLRHQFDHQDEWTQSFDMRKEVAELDGQELARKFDQACLIQVIKAAAMDAPVDLEDAFSPGVLEKLDLTGLTAKQAADKIVRMHRRVVETFIDRDLGDAVYSEGLTPMSPRVFSLLLEHDKLMNVEYQATGATNDYVKSRVAILNGVKVLETPRFATKAIAAHPLGRHFNVSAEESERQIALFLPSKTLITAQVAPVQAKLWEDNEKFSWVLDTFQMYNIGARRPDTAGAIELKGIGAFDITA	ATGAGCTTTCTGAACGACCTGACCCGTCCGAACTACGCTGGCAAGAACGCGGACGTTGACATCCACCTGGAAGAGCACCTCGGCATCGTCGATAAGCACTTCGCCTACACCTCCAAGTTCGCACCACTGATGAACATCCGCGACCTGCGTGGCTCGAACGTGGTCCGCCTGGATCGCCTGGGTAACGTCGAGGCCAAGGGTCGCCGCGCCGGTGAAGAGCTGGAGCGCAGCCGAGTCGTGAACGACAAGTGGAACCTGACCGTTGACACCCTGCTGTACCTCCGCCACCAGTTCGACCACCAGGACGAGTGGACCCAATCCTTCGACATGCGCAAGGAAGTCGCCGAGCTGGACGGCCAGGAACTGGCTCGTAAGTTCGACCAAGCCTGCCTGATCCAGGTGATCAAGGCTGCCGCGATGGACGCGCCGGTGGATCTGGAAGATGCGTTCTCGCCGGGCGTGCTGGAGAAACTGGACCTGACCGGCCTGACCGCCAAGCAGGCTGCCGACAAGATCGTCCGCATGCACCGCCGCGTAGTCGAGACCTTCATCGACCGCGACCTGGGCGATGCGGTCTACTCCGAGGGCCTAACCCCGATGTCGCCGCGTGTGTTCAGCCTGCTGCTGGAACACGACAAGCTGATGAACGTCGAGTACCAGGCGACCGGCGCGACCAACGACTACGTGAAGTCCCGCGTGGCCATCCTCAACGGCGTCAAGGTGCTGGAGACTCCGCGCTTCGCCACCAAGGCAATCGCAGCTCACCCGCTGGGCCGCCACTTCAACGTGAGCGCCGAGGAGTCCGAGCGCCAGATCGCCCTGTTCCTCCCGAGCAAGACCCTGATCACCGCCCAAGTGGCGCCGGTCCAGGCCAAGCTGTGGGAAGACAACGAGAAATTCTCGTGGGTCCTGGATACCTTCCAGATGTACAACATCGGTGCCCGTCGTCCGGACACCGCTGGTGCCATCGAACTGAAGGGTATCGGCGCCTTCGACATCACCGCGTGA
gene-PPLUZ19_gp45	phage	gp45	1.5069986660594616	0	0	0	0.0	94.1444804614694	33.689200424131315	1090.9374026745106	late	MNKPLRGAALAAALAGLVALEGSETTAYRDIAGVPTICSGTTAGVKMGDKATPEQCYQMTLKDYQRFERIVLDAIKVPLNVNEQTALTFFCYNVGPVCTTSTAFKRFNQGRATEGCQALAMWNKVTINGQKVVSKGLVNRRNAEIKQCLEPSSQYSSLLW	GTGAACAAGCCCCTGCGCGGCGCAGCCCTTGCGGCTGCCCTCGCCGGCCTTGTCGCCCTGGAAGGTAGCGAGACCACTGCCTACCGAGACATCGCCGGCGTACCCACCATCTGCTCTGGCACCACTGCCGGGGTCAAGATGGGCGACAAAGCCACACCGGAGCAGTGCTACCAGATGACGCTCAAGGACTACCAGCGCTTCGAGCGCATCGTCCTGGACGCCATCAAGGTGCCGCTGAACGTCAACGAGCAGACCGCCCTGACGTTCTTCTGCTACAACGTGGGTCCAGTCTGTACAACCAGCACAGCGTTCAAGCGCTTCAACCAAGGCCGCGCCACTGAGGGCTGCCAAGCCCTGGCTATGTGGAACAAGGTCACGATCAACGGCCAGAAGGTCGTATCCAAGGGCCTCGTGAATCGCCGCAACGCGGAGATCAAGCAATGCCTCGAACCATCGTCGCAATACTCGTCCTTGCTGTGGTAG
gene-PPLUZ19_gp10	phage	gp10	1.0783068752151086	0	0	0	1.24169307333936	1257.1899680950703	30804.16924364308	14595.94855153053	middle	MTNVNTTTETTAAAVLGAKLIKKPASVEDFRNNVAFHHNALVKLTETYNEAVAALQTAERLSSLVAGDVITFDHGKGEKAEVLSGEVISVVAGVYQVLVRFSDSAPAKLLDVKASAIRAVQSSAAQAATLDEAIAQGE	ATGACCAACGTCAACACCACCACCGAGACCACCGCCGCTGCTGTCCTGGGCGCCAAGCTGATCAAGAAGCCGGCATCCGTCGAGGACTTCCGCAATAACGTGGCCTTCCACCACAACGCGCTGGTCAAGCTGACCGAGACCTACAACGAGGCGGTCGCCGCCCTGCAAACCGCCGAGCGCCTGTCCAGCCTCGTCGCCGGTGACGTGATCACCTTCGACCACGGCAAGGGCGAGAAAGCCGAGGTGCTGAGCGGCGAAGTCATCAGCGTAGTCGCCGGCGTCTATCAGGTGCTGGTCCGCTTCAGCGACAGCGCACCGGCCAAGCTGCTGGACGTGAAGGCCAGCGCCATCCGCGCCGTCCAGTCGTCGGCAGCCCAGGCTGCAACCCTCGACGAAGCCATCGCCCAGGGCGAGTAA
gene-PPLUZ19_gp13	phage	gp13	1.3011941375822889	0	0	0	0.0	51.68291840810738	17403.42655399468	4565.7609529184265	middle	MLALGAFDLSGLMVGSCLVVGGELKALCVDDRHSRQGIGAELVRAAELAGAEYLTCFEFLEPFYADLGWSTTHREANWTAGEPDVLHMRAPGHDV	GTGCTGGCCCTCGGTGCCTTCGACCTGTCCGGCCTGATGGTAGGTTCCTGCCTCGTAGTAGGTGGTGAGCTGAAGGCCCTGTGCGTTGATGACCGGCACAGCAGGCAGGGTATCGGCGCTGAGCTGGTACGGGCCGCTGAGCTGGCTGGTGCCGAGTATCTGACCTGCTTCGAGTTCCTGGAGCCGTTCTACGCCGACTTGGGCTGGAGCACCACCCACCGCGAGGCGAACTGGACAGCAGGAGAGCCGGACGTGCTGCACATGAGGGCACCCGGTCATGACGTATGA
gene-PPLUZ19_gp49	phage	gp49	1.4197119033141752	0	0	0	0.0	24.43378806425132	7.001804890416149	183.9506367101543	late	MSKAKLRVIADTPELESVLKALLTATYAIEDLLNEAVASKVLNSRLGWSAVGEYVELFNRTQSRVAGLIPE	ATGAGCAAAGCCAAACTACGAGTCATCGCCGACACCCCGGAGCTGGAGTCAGTGCTAAAAGCATTGCTGACCGCCACCTACGCTATCGAGGACCTGCTCAACGAGGCCGTGGCTAGCAAGGTGCTAAACTCCCGCCTGGGCTGGTCCGCAGTCGGCGAGTATGTCGAACTGTTCAACCGCACGCAATCCCGCGTGGCCGGGTTGATTCCCGAGTAG
gene-PPLUZ19_gp21	phage	gp21	1.14649164041888	0	0	0	0.0	3.329847308935317	10300.617153496643	23529.56812985176	late	MTQQLNALQAALALANKAAETATIDMSETSTGGGGGRIFPAGTAMGRFCIYIELGDHAKEFQGKLKNPAPQIRLGFALWGDVNPQAGNPQSRPDDLFHTYEADGSIKPGLFRTFEMTLGNNEKSKTKLAFDKMNWSGQHTHFAQMLGQAFIIPIKRTKITKGNNAGKERNDIDWGGIMKPYNPVDGSPYNVPELPMDLLQYFFFDAPTKETWDALHIEGTSDNGKSKNFLQETIRSATNFPGSALHIMLGGGDDLIIKPTTQAAGSNLPAVPNVAADAGVAAAPAVPAVPQAVAQTAPSVPQVANVAAPVVGTAEAQNVLPDVPQVAQTAAPAAVEVPAVPVVPAVPQV	ATGACTCAACAACTCAACGCTCTGCAAGCCGCCCTCGCCCTGGCCAACAAGGCTGCCGAGACCGCAACCATCGACATGTCCGAAACCTCCACCGGCGGTGGCGGCGGTCGCATCTTCCCGGCGGGCACCGCCATGGGCCGCTTCTGCATCTACATCGAGCTGGGTGACCACGCCAAGGAATTCCAGGGCAAGCTCAAGAACCCGGCGCCTCAAATCCGCCTGGGCTTCGCATTGTGGGGCGACGTGAACCCGCAGGCCGGTAACCCGCAGAGCCGCCCGGACGACCTGTTCCACACCTACGAGGCCGACGGCTCGATCAAGCCCGGCCTGTTCCGTACCTTCGAGATGACCCTCGGCAACAACGAAAAGTCCAAGACCAAGCTGGCCTTCGACAAGATGAACTGGAGCGGGCAGCATACCCACTTCGCTCAGATGCTCGGCCAGGCGTTCATCATCCCGATCAAGCGCACCAAGATCACCAAGGGCAACAACGCCGGTAAGGAACGCAACGACATCGATTGGGGCGGCATCATGAAGCCCTACAACCCGGTCGATGGCAGCCCGTACAACGTGCCGGAACTGCCGATGGACCTGTTGCAGTATTTCTTCTTCGACGCGCCGACCAAGGAGACCTGGGATGCCCTGCACATCGAGGGAACCTCGGACAACGGCAAGTCCAAGAACTTCCTGCAAGAGACCATTCGCTCGGCCACCAACTTCCCCGGCTCGGCCCTGCACATCATGTTGGGCGGCGGCGACGATCTGATCATCAAGCCGACGACCCAGGCCGCAGGCAGCAACCTGCCGGCAGTGCCCAACGTGGCCGCCGACGCCGGCGTAGCGGCAGCACCGGCTGTCCCGGCTGTTCCACAGGCAGTGGCTCAGACGGCCCCCAGCGTGCCCCAGGTGGCGAATGTGGCCGCCCCTGTGGTAGGTACTGCCGAGGCACAGAACGTGCTGCCTGACGTGCCCCAGGTGGCTCAGACGGCGGCTCCGGCAGCGGTCGAAGTCCCGGCGGTCCCGGTAGTGCCGGCAGTACCGCAGGTCTAA
gene-PPLUZ19_gp12.1	phage	gp12.1	1.3301372510085177	0	0	0	0.0	249.17783195827823	31090.628161897945	6968.458405673005	middle	MQYHFTHYNGYRFGVELEDEAVFPCIDGKRATWDKVAACAGSLVHYMAQDLIDFGQRKLREFEDEQDEPVSAEPASRPDSNQDDSRIQHPSPEQRRELVAVVPLAAEVPPAQGKPESSRGAECEYRRVCAPPPPEWLAR	ATGCAATACCACTTCACGCATTACAACGGATACCGCTTCGGCGTCGAGCTGGAAGACGAGGCTGTCTTCCCGTGCATCGACGGTAAGCGGGCGACCTGGGACAAGGTGGCGGCATGTGCCGGTAGCCTTGTGCATTACATGGCGCAGGACCTGATCGACTTTGGCCAGCGAAAGTTAAGGGAGTTTGAAGATGAGCAAGACGAGCCTGTATCCGCTGAACCTGCATCCCGGCCTGATTCAAATCAGGACGATTCACGTATTCAGCATCCAAGCCCCGAGCAACGCCGAGAACTGGTGGCAGTGGTTCCTCTGGCAGCGGAAGTACCACCCGCTCAGGGAAAGCCTGAGTCCAGCCGGGGAGCTGAGTGCGAGTATCGCCGAGTGTGTGCTCCACCTCCGCCGGAATGGCTGGCAAGATAG
gene-PPLUZ19_gp43	phage	gp43	1.5799983260737225	0	0	0	0.0	282.50785639583955	75.10308341520405	4696.91644609437	late	MTPQERFQIAHEVRDMYPRFRDFCLDAMLFLGFKMTWMQLDIADFMQDSPNKAMVAAQRGEAKSTIACIYVVWCITQNPATRAMLVSGSGDKAEENGQLITKLIMHWDLLAYLRPEARMGDRTSATSFDVNWALKGVEKSASINCIGITAALQGYRADILIPDDIETTKNGLTATERAKLTRQSQEFTSICTHGKILYLGTPQSRESIYNGLPARGFLMRIWPGRFPTLDEQARYGDWLAPSILARIARLEEKGHNPRTGKGLDGTRGWAADPQRYNEEDLLDKELDQGPEGFQLQYMLDTSLADEQRMQLKLRDLLFIDATHESVPEQVAWAADERFKLKFDAHRFPVIKPELYLPALMAGGWAPLQQMTMFVDPAGDGGDELSYALGGTLGPYIHVVSIGGWKGGFAEENLEKCIALAARYGVKVIYVEKNLGAGAVGQLFRNHMRSIDPDTGKPRYEGIGVEDRQKSGQKERRIIDTLRPIMQRHRLIFHVSAMDSDHVSCQQYPADKRNERSVFHQIHNITTDRGSLPKDDRIDALEGLVRELAPTLVKDDEAATRAREEAAKKEWLNNPMGYTKSVLRSLGMGRERRKGRPKGRRL	ATGACGCCGCAAGAACGATTCCAGATAGCCCACGAGGTGCGGGACATGTACCCGCGCTTCCGGGACTTCTGCCTGGACGCCATGCTGTTCCTCGGCTTCAAGATGACGTGGATGCAGCTCGACATCGCCGACTTCATGCAGGACTCGCCCAATAAGGCGATGGTCGCTGCACAGCGTGGCGAAGCCAAGTCCACTATTGCCTGTATCTACGTGGTATGGTGCATCACACAGAACCCGGCTACCCGCGCCATGCTGGTATCCGGTTCCGGTGACAAGGCCGAGGAGAACGGCCAGTTGATCACGAAGCTGATCATGCACTGGGACTTGCTGGCGTATCTGCGCCCCGAGGCCCGTATGGGCGACCGTACCTCGGCCACCAGCTTCGACGTGAACTGGGCGTTGAAGGGTGTCGAGAAATCGGCCTCTATCAACTGCATCGGGATCACCGCCGCCCTCCAGGGCTACCGGGCTGACATCCTGATCCCTGACGACATCGAGACCACGAAGAACGGCCTCACCGCCACCGAGCGGGCGAAGCTGACACGGCAGTCGCAGGAGTTCACCTCTATCTGTACCCACGGTAAGATTCTCTACCTGGGTACGCCGCAGTCCCGCGAATCGATCTACAACGGCCTACCCGCGCGTGGCTTCCTGATGCGTATCTGGCCGGGCCGGTTCCCGACCCTGGACGAGCAGGCGCGTTATGGCGACTGGCTCGCACCCTCTATCCTGGCGCGCATCGCTCGCCTGGAGGAGAAAGGCCACAACCCGCGCACCGGCAAGGGCCTCGACGGCACCCGTGGCTGGGCGGCTGACCCGCAGCGCTACAACGAAGAAGACCTGCTCGACAAGGAACTGGACCAAGGCCCCGAGGGCTTCCAGTTGCAATACATGCTGGACACCAGTCTCGCCGACGAGCAGCGTATGCAGCTCAAGCTGCGCGACCTGCTGTTCATCGACGCCACGCACGAGAGTGTACCTGAGCAAGTGGCCTGGGCTGCCGACGAGCGCTTCAAGCTCAAGTTCGACGCTCACCGCTTCCCGGTCATCAAGCCCGAGCTGTACCTGCCGGCGCTGATGGCTGGCGGATGGGCACCACTCCAGCAGATGACGATGTTCGTGGACCCTGCCGGCGACGGCGGCGACGAGCTGTCGTATGCCCTGGGCGGCACGCTTGGCCCGTACATCCACGTCGTGAGCATCGGCGGCTGGAAGGGTGGCTTCGCTGAGGAGAACCTGGAGAAATGCATTGCCCTGGCTGCGCGTTACGGCGTCAAGGTGATCTATGTCGAGAAAAACCTCGGCGCTGGTGCAGTTGGTCAGCTCTTCCGCAACCACATGCGATCCATCGACCCGGATACCGGCAAGCCCCGTTATGAGGGTATAGGCGTAGAAGACCGGCAGAAGTCCGGCCAGAAGGAGCGTCGTATCATCGACACCCTGCGGCCTATCATGCAGCGTCACCGTCTGATCTTCCACGTATCGGCGATGGATTCCGACCACGTGTCCTGCCAGCAGTACCCAGCGGACAAGCGCAACGAGCGCTCCGTGTTCCACCAGATTCACAACATCACCACCGACCGAGGCTCACTGCCGAAGGACGACCGGATCGATGCCCTTGAGGGCCTTGTCCGCGAGCTAGCACCCACGCTCGTGAAGGACGACGAAGCCGCTACCCGCGCTCGTGAAGAGGCTGCCAAGAAGGAATGGCTGAACAACCCGATGGGTTACACTAAGTCTGTCCTTCGGTCTCTCGGCATGGGCCGGGAGCGTCGCAAGGGCCGCCCAAAAGGACGAAGACTATGA
gene-PPLUZ19_PPLUZ19_gp20	phage	gene-PPLUZ19_PPLUZ19_gp20	1.150631566051188	0	0	0	0.3104232683348399	2.622160807155796	42557.047455472246	18171.585990284108	middle	MSKRDVVLDIEKGIWRGVDQNDKAVEAIIKKHGYVIVEPKIDGCRAIVGAHGVVSRSGRRFPALDGLEDRIIAKLSQSGLDSGLVLDCEMYLEGMPFSEATGRMARKTPLTEAELKCLHFAVFDATHIGVLRKSRKSHLVYDERRAMVRSLMEDCRRGDTPYFFQVAAQSCRSMEAVLRWYGYHRAMGFEGSMEKDPSLTYRNGKVAGCYKRKPGITVDGRIVGYVMGKTGKNVGRVVGYRVELEDGTGVVSAAGLTEDHIQLLTCAHLNGCLDEDMPNYGRIVEVSAMERSANTLRHPSFSRFRDLASNPGVKV	ATGAGCAAGCGCGACGTGGTACTGGATATCGAGAAAGGCATCTGGCGCGGCGTAGACCAGAACGACAAGGCCGTCGAGGCCATCATCAAGAAGCACGGGTACGTGATCGTCGAGCCTAAGATCGACGGGTGCCGTGCCATCGTGGGTGCGCATGGCGTGGTATCCCGCAGCGGCCGCCGCTTCCCTGCCCTGGACGGCCTGGAGGATCGCATCATCGCGAAACTGTCCCAGTCCGGCCTGGACTCCGGTCTGGTGCTGGACTGTGAGATGTACCTGGAAGGCATGCCCTTCAGTGAGGCGACCGGGCGTATGGCCCGCAAGACCCCGCTGACCGAGGCCGAGCTGAAGTGCCTGCACTTCGCGGTATTCGACGCCACCCATATCGGCGTGCTCCGCAAGTCGCGCAAGTCCCACCTCGTGTACGATGAGCGCCGCGCCATGGTCCGCAGCCTCATGGAAGATTGCCGGCGGGGCGACACCCCGTACTTCTTCCAGGTAGCCGCACAATCCTGCCGTTCTATGGAGGCGGTACTACGCTGGTACGGCTACCACCGCGCCATGGGCTTCGAGGGGTCGATGGAGAAAGACCCGAGCCTGACCTACCGCAACGGCAAGGTCGCCGGCTGCTACAAGCGCAAGCCGGGCATCACCGTAGATGGCCGCATCGTCGGGTACGTGATGGGCAAGACTGGCAAGAACGTGGGCCGCGTCGTGGGCTATCGAGTGGAGCTGGAAGACGGCACAGGCGTCGTGTCTGCCGCCGGCCTCACCGAGGATCACATCCAGCTCCTCACCTGTGCGCACCTCAACGGCTGCCTCGACGAGGATATGCCGAACTACGGGCGCATCGTCGAGGTCTCCGCGATGGAGCGCTCGGCCAACACCCTCCGCCATCCCAGCTTCAGTCGCTTCCGCGACCTGGCCAGTAACCCAGGAGTCAAGGTATGA
gene-PPLUZ19_gp12	phage	gp12	1.372090252149595	0	0	0	0.3104232683348399	1056.2836482806622	76045.99016401614	14542.766650161837	middle	MQCKDLYTNLASGMFNVPCSQVTPEMRRVAKSRAFAHAYTPKKQASGGTYTARVSGVTCDGGKVEVRLDNVERVGTCDYAELETRVAASLCQADAKRAAEYEELLLKAFPSVSPKDGPLSAKDFELRLHDLCSTKLVVLRALRDAGIEMDGPLRSRVRKLADRNNVMGAELFSLKQELAQLVAVGQKAGLNWDGAETQRLLTVAPTKALCRLISALTGVRYTHRTVVAKAEAEARERAKAEAKDSLQAATFAATIAGGVVGSVLTYLLV	ATGCAGTGCAAAGACCTTTACACGAACCTCGCGTCGGGCATGTTCAACGTGCCGTGCTCCCAGGTGACCCCGGAGATGCGACGGGTGGCCAAGAGCCGGGCATTCGCCCACGCCTATACGCCCAAGAAACAGGCTTCGGGCGGGACTTACACCGCCCGTGTGAGCGGCGTCACCTGTGACGGTGGCAAGGTGGAGGTGCGCCTGGATAACGTGGAGCGCGTCGGCACCTGCGACTATGCCGAGCTGGAGACGCGGGTAGCGGCCAGTCTGTGCCAGGCCGACGCGAAGCGCGCCGCTGAATACGAAGAGCTACTGCTGAAAGCGTTCCCGTCGGTATCCCCGAAGGATGGCCCGCTGTCCGCCAAGGACTTCGAATTGCGCCTGCATGATCTGTGCTCAACCAAGCTGGTAGTGCTTCGTGCCTTGCGTGATGCCGGGATAGAGATGGACGGTCCGCTGCGCAGCCGGGTACGGAAGCTGGCGGATCGGAATAACGTGATGGGTGCTGAGTTGTTCAGCCTCAAGCAGGAGTTGGCACAACTGGTCGCGGTCGGCCAAAAGGCTGGACTGAATTGGGACGGGGCGGAGACTCAGCGCCTGCTGACGGTGGCCCCGACCAAGGCTCTCTGTCGACTCATCAGCGCGCTGACCGGCGTGCGGTATACCCACCGCACCGTCGTAGCCAAGGCCGAGGCTGAGGCGCGCGAGCGGGCAAAGGCCGAGGCCAAGGATTCATTGCAGGCAGCAACCTTCGCAGCCACCATCGCCGGCGGCGTCGTGGGCAGCGTGCTGACGTACCTGCTCGTCTAA
gene-PPLUZ19_gp25	phage	gp25	1.4420521140594809	0	0	0	0.448903754586113	11.36019153418802	6778.153451105869	44076.0757198275	late	MSLAFPDSYESTITTEPYRKGASLEERKVGKLPMHLVVEGFPLLKRELARMMQWAAEVKGYLPHDWKKMTVGEFKSAQHRHESKRLIDGPLDDESNLMHLVHEAFNAMAAAEVALMDREKGNE	ATGAGCCTAGCATTCCCGGACTCTTACGAGTCGACGATCACGACTGAACCGTACCGCAAAGGTGCGAGTCTGGAAGAACGCAAGGTCGGCAAGCTTCCCATGCACCTGGTAGTCGAGGGGTTCCCGCTGCTGAAGCGGGAGCTTGCTCGAATGATGCAATGGGCTGCCGAGGTCAAGGGGTATCTGCCGCACGACTGGAAGAAGATGACGGTGGGCGAGTTCAAGTCCGCCCAACACAGGCACGAGTCCAAGCGGCTGATCGACGGGCCGCTGGATGACGAGTCCAACCTGATGCACCTGGTGCATGAGGCATTCAACGCAATGGCCGCCGCCGAGGTGGCCCTGATGGACCGGGAGAAAGGCAATGAGTAA
gene-PPLUZ19_gp1	phage	gp1	1.2076178026068276	0	0	0	0.0	27785.15856222532	7941.622355289961	1702.0599674272137	early	MAHFKAKAPKSPFAAQVAYWRDWEAKRTKLIAQDNVEGRKELRKMRDVRYATDPEPAPGRYHNPEQKAFVKGSEGKARNILKGWNAKKSQGKGL	ATGGCACACTTCAAGGCTAAGGCTCCCAAGTCGCCCTTTGCTGCTCAGGTAGCGTACTGGCGGGACTGGGAAGCCAAACGTACTAAGCTCATCGCACAGGATAACGTCGAAGGGCGCAAAGAGCTTCGCAAGATGCGTGACGTGCGCTACGCTACCGACCCGGAGCCAGCGCCAGGACGCTACCACAACCCTGAACAGAAGGCGTTCGTGAAGGGTAGCGAAGGCAAGGCGCGGAACATCCTGAAGGGATGGAACGCTAAGAAGTCGCAAGGGAAGGGTTTGTAA
gene-PPLUZ19_gp47	phage	gp47	1.2779150501766074	0	0	0	0.0	79.98360648200844	15.145766058270352	352.3606950736196	late	MANTREQYLAGRNTGLTFYQVCQPGTDNRISLHDMDEADVKAKATAVIAAATALGGEGGATPPDPLTAYKVKNGDTLPVDGGGSVKVTVANGAITKVVYTAPAG	ATGGCGAACACCCGCGAGCAGTACCTCGCTGGCCGTAACACCGGCCTGACCTTCTACCAGGTATGCCAGCCCGGCACCGACAACCGCATCTCCCTGCACGACATGGACGAGGCTGATGTCAAGGCCAAGGCCACCGCCGTGATCGCAGCAGCCACCGCCCTGGGCGGCGAGGGTGGCGCTACTCCACCGGACCCGCTCACCGCCTACAAGGTGAAGAACGGTGACACCCTGCCCGTGGACGGCGGTGGCTCCGTGAAGGTGACCGTAGCCAACGGTGCCATCACCAAGGTCGTGTACACCGCACCGGCGGGCTGA
gene-PPLUZ19_gp25.1	phage	gp25.1	1.48917678812187	0	0	0	0.2244518772930565	36.032256413656015	5098.938447950637	41287.71591502706	late	MSKICWCTRPHETDEGVRVIWAFNERGIGVNYVTAYITPAMVSHRDWSDVILPDILREMAERLEREVKLVELRWFRAEILSCGEWRDYRAMTLEGAVSLAEAEWGPEDIGRVIERR	ATGAGTAAAATCTGTTGGTGTACCCGACCGCACGAGACCGATGAAGGTGTTCGGGTCATCTGGGCCTTCAACGAGCGGGGCATCGGGGTCAACTACGTCACAGCGTACATCACGCCGGCGATGGTCAGCCATCGGGACTGGAGCGATGTCATACTCCCGGACATTCTCCGGGAGATGGCGGAGCGCCTGGAGCGGGAAGTGAAGCTGGTGGAACTGCGCTGGTTCCGCGCTGAGATTCTGAGCTGCGGGGAATGGCGTGACTACCGAGCGATGACGCTGGAGGGGGCGGTTAGCCTGGCCGAGGCCGAGTGGGGTCCCGAGGATATCGGGCGCGTAATCGAAAGACGATAG
gene-PPLUZ19_gp22	phage	gp22	1.274193310485312	0	0	0	0.9837789002140094	12.030670530251856	22839.172133532447	79654.22822849621	late	MRLPSEEFLAGLSAQFDRSMAGGTLVCDADGPAYVAAATAKTLDTALRRFWKLILEQQFLAHCTGTRVHLTAAGGAKAYRDTYPTMKPYQGQRKGKAKPALLEPLRRAVADVHERGGAPEGIDVILHTFFEADDGMMMDAYAMQDKAIIRSDDKDLRMTIYPYWEIDTACVSRIEGGFGYLKEAYTPSGQFKLKGHGRKFFLAQWLGGDTADNIRGIDRFNGKLCGMKTAFDILHPITDEDEAIDMILEAYAKIKQNPLAEAEVLWMRRTPTDNAAQYLLSRDLRPAFRQWIIELDAYHEALLQKRRESDYDE	ATGCGCCTGCCATCGGAAGAGTTCCTGGCAGGACTATCCGCGCAGTTCGACCGCAGCATGGCAGGCGGGACGTTGGTGTGTGACGCCGACGGACCCGCCTACGTGGCTGCGGCCACTGCTAAGACCCTGGACACTGCACTCCGAAGATTCTGGAAGCTCATTTTGGAGCAGCAGTTCCTAGCGCACTGCACAGGGACACGGGTTCACCTCACGGCAGCAGGTGGGGCGAAGGCGTACCGCGACACGTATCCGACCATGAAACCGTACCAGGGCCAGCGCAAGGGCAAGGCAAAGCCCGCGCTGCTGGAGCCACTGCGGCGGGCCGTGGCGGACGTGCATGAGCGAGGAGGGGCGCCGGAGGGGATCGATGTCATCCTGCACACGTTCTTCGAGGCGGACGACGGCATGATGATGGACGCCTACGCCATGCAGGACAAGGCCATCATCCGGTCCGACGACAAAGACCTGCGGATGACGATCTACCCGTATTGGGAGATCGATACGGCGTGTGTGAGCAGGATCGAAGGCGGCTTCGGCTACCTCAAGGAAGCGTACACGCCTTCCGGCCAGTTCAAGCTCAAGGGCCATGGACGGAAGTTCTTCTTGGCGCAGTGGCTCGGCGGCGACACCGCTGACAACATCCGAGGGATCGATCGATTCAACGGTAAGCTCTGCGGTATGAAGACGGCCTTCGACATCCTCCATCCGATCACGGATGAGGACGAGGCCATCGACATGATCCTGGAGGCGTACGCCAAGATCAAGCAAAACCCGCTGGCAGAGGCCGAGGTGCTGTGGATGCGCCGAACGCCTACCGACAACGCAGCGCAGTACCTGTTAAGCCGCGACCTTCGTCCGGCCTTCCGCCAGTGGATCATCGAGCTGGACGCCTACCACGAGGCGCTGCTCCAGAAGCGGAGGGAGAGCGATTATGACGAGTGA
gene-PPLUZ19_gp37	phage	gp37	1.7111426855027123	0	0	0	0.448903754586113	412.513587523309	124.33048284847388	36402.1770278562	late	MAKQFKGRMTPKYPLDQAQLDEAQVQGQLDAVPTVGFDALTGGEIGERNVAAGQRANARELERIVADQELPALDRASALWNQSTLVGRWGDALQLDADLAANSTGEVDPNFDAGTYGVQALQAAGIQPTDNYLQIMARAGNAEDAAYLLSRIQRYEQDEQVVRDNPYWNFAAGMLDPAALAVDAVTFGAGRALRLGRAGMAAAGGAGQVGYVAGLDAAGADVDAGTYIVAGALGAGVGALLGSGAGRIAAEAPTQPHVPEVSAPTVGLPEVAMTTEEAAARGFKAGDVVDLLDEGTVLSRVSAKVEQAEIPAIPRRDTAFGDELHSLSGRKLSEVLDHLKTHAEVPKPLQGIAAKVADTIRTLESLGQRTAFRVVQGGDTASSAFLKPGTAGIHSTQGLDTLVQVRGSTAPGRVGTNPVTVLHEAVHAATVGVMNAALRNPGAMSPKVAQAMQTLENVRGNVLNALKQDRAAGRQLSEFEETLLAGNSNTLANVKELVAWGLTDTRFQRTLNRLRYSDGGPGLWSRFVEGIRTLLGLRSDADTALSRVLAASETIMEAMPGYTKAQAKWANKGAPVTEEASLETIVRSTRERAREGAGFVNRFFSEADLLAQPGEGARRLLSRLIDDPVRRDGFSTNDNAASYLRRYRNEFEGYVKSYDEMMAKAMAEQGVGLTARALNSRRAMAVRDQLNEQVTRELLRRDREWTAYGSVRVDPNLPPTIKALADRSDEIHGLMGQRAREAGVRGFENFAPRPGYFHRSWNWSKMAQMDEAAPGLARRAISEAVFRGIPGLERADADTIAQAIVQRARDRATGIRSEFMGAMGVADTAFIRQALEEANVSQAKFDSIMAKIEQKQSDQGTVKYGKGRLSLDMTAEINHNGTVYRVQDLIDRDLDRLMENYAGSMSGRSALARAGMPGDSEIEAFIREYQREAAHLGTDKVQELTGQLRGVFGDFTGNVPREHQLGPVAQRASGLTSATMLGFSGVYQLAELATMAHRQGVFNVMKAMLNSRLGDFVGAMRRDPDLADEMQTVLGLNLANDIRMKPWKRQFDTFLASQDTFMDRFLHAGKQAVPVLNGMKFIHNWQSRMNANLTLNKVARAAQGDEAALRVLQQYGKDVDWTPVLARVRGYVTYRGRNAQSMNWGAWSQADVNTVMNTALRIMDDSLLYGRVGQNSGFARSPVGQILGQFRSFVAFAHNKLLRGTYENSGVLGVASLLAFQYPLTALMMGAKAAINGKFDTSDEGIRKMAIDGIGYTAGLGFTADMWGVITGHSRMSAPVFGLAEHSNEVFRGVKDLVTGDDPAAATGDIVNGAAGALPFVNVFPATKLLLESIKGE	ATGGCAAAGCAATTCAAGGGCCGCATGACGCCCAAGTATCCCCTTGACCAAGCACAGCTTGACGAGGCCCAAGTACAGGGCCAACTCGACGCGGTGCCTACCGTGGGGTTCGACGCCCTGACGGGTGGTGAGATTGGAGAACGGAACGTGGCAGCGGGCCAACGAGCCAATGCGCGGGAACTGGAACGCATCGTAGCGGACCAGGAACTGCCGGCCCTTGACCGTGCTTCCGCACTCTGGAACCAGTCCACCCTCGTCGGACGCTGGGGCGATGCGCTCCAGCTCGACGCAGACCTTGCGGCGAACAGTACCGGCGAGGTGGACCCTAACTTCGACGCTGGGACCTATGGGGTCCAGGCGCTCCAGGCGGCAGGTATCCAGCCGACTGATAACTACCTTCAGATCATGGCCCGTGCCGGCAATGCCGAGGACGCGGCCTACCTCCTGTCGAGGATTCAACGGTATGAGCAGGACGAACAAGTCGTACGGGACAACCCATACTGGAACTTCGCGGCTGGCATGCTGGACCCGGCGGCCCTGGCAGTGGATGCGGTTACTTTCGGCGCTGGCCGTGCTCTGCGGCTCGGTCGCGCTGGCATGGCTGCTGCTGGCGGCGCTGGGCAAGTCGGGTATGTTGCTGGGCTGGATGCCGCAGGGGCCGACGTGGATGCCGGAACCTACATCGTGGCGGGTGCTCTTGGCGCTGGCGTGGGTGCTCTGCTGGGGTCTGGTGCGGGACGTATTGCCGCAGAGGCCCCGACGCAGCCGCACGTGCCCGAAGTATCGGCGCCTACTGTCGGGCTGCCAGAAGTAGCCATGACCACCGAGGAGGCCGCCGCACGCGGCTTCAAGGCCGGCGACGTGGTAGACCTGCTGGACGAGGGCACCGTGCTGTCCCGTGTCAGCGCCAAGGTGGAGCAGGCCGAGATACCGGCTATTCCGCGACGTGACACTGCCTTCGGCGACGAGCTGCATAGCCTGTCGGGCCGGAAGCTGTCCGAGGTCCTGGACCACCTAAAGACCCACGCAGAGGTGCCCAAGCCGCTCCAGGGCATCGCCGCCAAGGTGGCTGATACCATCAGGACCCTGGAGAGCCTGGGGCAGCGTACCGCGTTCCGTGTGGTGCAAGGCGGTGACACTGCCAGCTCTGCCTTCCTCAAACCGGGTACGGCGGGGATTCACTCCACCCAGGGCCTCGACACCCTGGTCCAGGTACGCGGCAGCACCGCACCTGGTCGAGTTGGCACCAACCCGGTGACCGTGCTCCACGAGGCGGTTCACGCCGCCACCGTGGGCGTGATGAACGCCGCCCTGCGCAACCCCGGTGCGATGAGTCCTAAGGTGGCTCAGGCCATGCAGACCCTGGAGAATGTCCGGGGTAACGTGCTCAACGCCCTGAAGCAGGACCGCGCCGCCGGTCGGCAACTGTCCGAGTTCGAAGAGACGCTGCTGGCCGGTAACTCCAACACCCTGGCCAACGTCAAGGAACTGGTAGCCTGGGGCCTGACGGATACCCGCTTCCAGCGGACCCTGAATCGCCTCCGCTACAGCGACGGCGGGCCGGGCCTGTGGTCCCGCTTCGTGGAGGGCATCCGCACCCTGCTGGGTCTGCGGTCCGATGCTGACACGGCCCTGAGCCGCGTCCTGGCCGCCTCTGAGACGATTATGGAGGCCATGCCCGGTTACACTAAGGCACAGGCCAAGTGGGCCAACAAGGGCGCTCCGGTAACCGAGGAGGCCAGCCTGGAGACCATCGTCCGGTCCACCAGGGAGCGCGCCCGCGAGGGTGCCGGCTTCGTGAACAGGTTCTTCAGCGAGGCAGACCTCCTGGCACAGCCCGGAGAGGGCGCACGGCGACTCCTGAGCCGTCTTATTGACGACCCGGTACGTCGGGATGGGTTCAGCACGAACGACAACGCAGCGAGCTATCTCCGCCGCTATCGGAACGAGTTCGAGGGCTACGTGAAGTCCTACGACGAGATGATGGCCAAGGCAATGGCTGAGCAGGGTGTGGGCCTGACGGCACGTGCGCTGAACTCTCGCCGCGCCATGGCAGTCCGGGACCAGCTCAACGAGCAGGTCACCCGCGAGCTGCTGCGCCGGGACCGGGAGTGGACCGCCTACGGCAGCGTCCGCGTGGACCCTAACCTACCGCCGACCATCAAGGCCCTGGCCGACCGCTCAGACGAGATTCATGGTCTGATGGGCCAGCGTGCCAGGGAAGCCGGGGTGCGCGGGTTCGAGAACTTCGCACCGCGACCGGGGTACTTCCACCGCTCGTGGAACTGGTCGAAGATGGCGCAGATGGACGAGGCCGCCCCTGGCCTGGCCCGCCGCGCCATCAGCGAGGCCGTGTTCCGTGGCATCCCTGGGCTGGAGCGCGCCGACGCCGATACCATCGCACAGGCCATTGTGCAGCGGGCGCGGGATCGGGCCACCGGCATCCGATCCGAGTTCATGGGAGCGATGGGCGTGGCGGACACGGCATTCATCCGGCAGGCGCTGGAGGAGGCCAACGTGTCCCAGGCCAAGTTCGACAGCATCATGGCCAAGATCGAGCAGAAGCAGTCCGACCAGGGCACCGTCAAATACGGTAAGGGCCGGCTGTCGCTGGACATGACAGCCGAGATCAACCACAACGGCACCGTGTATCGGGTGCAGGACCTGATCGACCGAGACCTCGACCGGCTGATGGAGAACTACGCCGGCAGTATGTCGGGCCGCTCAGCATTGGCCCGCGCAGGCATGCCGGGGGACTCGGAGATCGAAGCCTTCATCCGGGAGTACCAGCGAGAGGCAGCCCACCTGGGTACCGATAAGGTGCAGGAGCTGACAGGGCAACTGCGGGGAGTCTTCGGGGACTTCACCGGCAACGTGCCGAGGGAGCATCAGCTCGGCCCGGTTGCTCAGCGGGCCAGCGGCCTAACCAGCGCCACCATGCTGGGATTCTCCGGTGTGTACCAGCTCGCCGAGCTGGCCACGATGGCGCACCGTCAAGGCGTCTTCAACGTCATGAAGGCCATGCTGAACTCCCGCCTGGGCGACTTCGTGGGCGCCATGCGCCGCGACCCGGACCTCGCTGACGAGATGCAGACCGTCCTCGGCCTGAACCTCGCTAACGATATTCGGATGAAGCCCTGGAAGCGGCAGTTCGACACCTTCCTGGCCAGCCAAGACACCTTCATGGATCGCTTCCTCCACGCGGGTAAGCAGGCTGTCCCTGTGCTCAACGGCATGAAGTTCATCCACAACTGGCAATCCCGTATGAACGCCAACCTCACCTTGAACAAGGTGGCGCGGGCGGCGCAGGGGGATGAAGCAGCCCTTCGCGTGCTCCAGCAGTACGGGAAGGACGTGGACTGGACGCCAGTCCTGGCGCGGGTTCGCGGTTATGTCACATACAGAGGAAGGAACGCCCAATCCATGAATTGGGGCGCCTGGAGCCAAGCAGACGTTAACACCGTCATGAATACCGCACTGCGGATCATGGACGACTCACTGCTGTACGGTCGAGTCGGTCAGAACTCGGGCTTTGCTCGGTCACCTGTCGGCCAAATCCTGGGCCAGTTCCGCAGCTTTGTGGCCTTCGCGCACAACAAGCTCCTCCGGGGCACCTATGAGAACTCCGGCGTGCTTGGCGTGGCCTCGCTCCTCGCATTCCAGTATCCGCTCACCGCGCTGATGATGGGTGCCAAGGCAGCGATCAACGGCAAGTTCGACACCTCTGATGAAGGCATCCGCAAGATGGCCATCGACGGCATAGGTTACACTGCCGGCCTCGGCTTCACCGCCGACATGTGGGGCGTGATCACCGGGCACTCCCGGATGTCCGCACCGGTCTTTGGCCTGGCGGAGCACTCCAACGAGGTGTTCCGTGGCGTCAAGGACCTAGTAACCGGCGACGACCCCGCAGCCGCCACCGGCGATATCGTCAACGGCGCCGCAGGGGCACTGCCTTTCGTCAACGTATTCCCGGCGACCAAGTTGCTGCTGGAATCCATCAAAGGGGAATAA
gene-PPLUZ19_gp3	phage	gp3	1.06496056099228	0	0	0	0.8452984139627365	41308.71123032208	18794.81828500683	3442.7979922308423	early	MTNAISKTVIAFRGTEEINRAIDAIRVRGKELDEAIQLTGLSIIHHIDQCGDVTVVKALYEAMPKGSRRNALVEWLVLHGKVQVNTDKKSNKDLPFLYNKFGKTDLVGATDNPWYSFKPEKALDQEFNLAAALATIKKQVLQAQTKGKVIVGMELLGDLEALAAKAAPIAEQSKRAAAH	ATGACCAACGCAATCTCCAAAACCGTAATCGCATTCCGTGGCACCGAAGAGATCAACCGCGCTATCGACGCCATCCGTGTCCGTGGCAAGGAACTCGACGAAGCCATCCAACTGACCGGCCTGTCGATCATCCACCATATCGACCAGTGCGGCGACGTGACCGTGGTCAAGGCGCTGTATGAAGCCATGCCGAAGGGCAGCCGCCGCAATGCGCTGGTCGAGTGGCTGGTGCTGCACGGCAAGGTACAGGTTAACACCGACAAGAAATCGAACAAGGACCTGCCCTTCCTGTACAACAAGTTCGGCAAGACCGATCTCGTTGGCGCCACCGACAACCCGTGGTACAGCTTCAAGCCTGAGAAAGCGCTGGACCAGGAGTTTAACCTGGCCGCTGCCCTAGCCACGATCAAAAAGCAGGTGCTCCAGGCGCAGACCAAGGGTAAGGTGATCGTTGGCATGGAACTGTTGGGTGACCTGGAAGCGCTGGCCGCCAAGGCTGCACCCATCGCTGAGCAGAGCAAGCGTGCTGCCGCCCATTGA
gene-PPLUZ19_gp30	phage	gp30	1.656168784039271	0	0	0	0.2244518772930565	418.9049417641179	918.0819076612996	37755.086641808775	late	MKTTAAMLWEKLRDGSVESRAIEFAKTTLPYLMVDPMSGSRGVVEHDFQSAGALLVNNLAAKLARSLFPTGIPFFRSELTDAIRREADSRDTDITEVTAALARVDRKATQRLFQNASLAVLTQVIKLLIVTGNALLYRDSAAATVVAWSLRSYAVRRDATGRWMDIVLKQRYKSKDLDEEYKQDLMRAGRNLSGSGSVDLYTHVQRKKGTAMEYAELYHEIDGVRVGKEGRWPIHLCPYIVPTWNLAPGEHYGRGHVEDYIGDFAKLSLLSEKLGLYELESLEVLNLVDEAKGAVVDDYQDAEMGDYVPGGAEAVRAYERGDYNKMAAIQQSLQAVVVRLNQAFMYGANQRDAERVTAEEVRITAEEAENTLGGTYSLLAENLQSPLAYVCLSEVDDALLQGLITKQHKPAIETGLPALSRSAAVQSMLNASQVIAGLAPIAQLDPRISLPKMMDTIWAAFSVDTSQFYKSADELEAEAEQQRQQAAQAQAAQETLLEGASDMTNALAGV	ATGAAAACCACCGCAGCTATGCTGTGGGAGAAACTTCGGGACGGGAGCGTGGAGAGTCGAGCCATCGAGTTCGCCAAGACCACGCTGCCCTATCTGATGGTCGATCCCATGTCCGGCAGCCGGGGAGTCGTAGAGCATGACTTCCAGTCCGCCGGTGCCCTCCTGGTGAACAACCTCGCCGCCAAGCTGGCGAGATCGCTGTTCCCCACGGGGATTCCGTTCTTCCGATCCGAACTCACTGATGCGATCCGCCGCGAGGCCGACAGCCGGGACACAGACATTACCGAAGTGACCGCTGCCTTGGCTCGGGTGGATCGCAAAGCAACACAGCGCCTGTTCCAGAACGCCTCCCTGGCGGTCCTGACGCAGGTGATCAAGCTACTGATCGTGACTGGCAATGCTCTGCTGTACCGAGACAGCGCCGCCGCTACGGTGGTCGCGTGGTCGCTCCGCTCCTATGCGGTGCGCCGGGATGCGACTGGCCGCTGGATGGATATCGTCCTAAAGCAGCGCTACAAGTCCAAGGACCTGGATGAAGAGTACAAGCAGGACCTGATGCGCGCAGGCCGCAACCTGTCCGGTTCGGGCAGCGTGGACCTGTACACCCACGTACAGCGCAAGAAGGGCACGGCGATGGAATACGCCGAGCTGTACCACGAGATCGACGGCGTGCGTGTGGGCAAGGAGGGCCGCTGGCCTATCCACCTGTGCCCGTACATCGTGCCGACCTGGAACCTCGCCCCTGGCGAGCACTACGGTCGAGGCCACGTCGAGGACTACATCGGCGACTTCGCCAAGCTGTCCCTGCTGAGCGAGAAACTCGGCCTGTACGAGCTGGAGTCGCTGGAGGTCCTGAACCTCGTGGACGAGGCCAAGGGTGCGGTGGTCGATGACTACCAAGACGCCGAGATGGGTGACTACGTGCCAGGTGGCGCGGAGGCCGTCCGTGCTTACGAGCGTGGCGACTACAACAAGATGGCTGCTATCCAGCAGAGCTTGCAAGCCGTAGTCGTCCGCCTGAACCAGGCGTTCATGTATGGTGCCAACCAGCGCGACGCCGAGCGCGTCACTGCCGAGGAAGTCCGCATCACTGCGGAGGAGGCAGAGAACACGCTGGGTGGTACTTACTCGCTCCTGGCCGAGAACCTTCAGTCGCCGCTGGCGTACGTCTGCCTGTCCGAGGTGGATGATGCGCTCCTCCAGGGCTTGATTACCAAGCAGCACAAGCCGGCTATCGAGACGGGCCTCCCAGCTCTGTCCCGCTCCGCCGCTGTGCAGAGCATGCTCAACGCTTCCCAAGTCATCGCTGGCTTGGCCCCGATTGCTCAGCTCGATCCCCGCATCTCGCTACCGAAGATGATGGACACGATTTGGGCAGCCTTCAGTGTCGATACGTCGCAGTTCTACAAGAGCGCCGACGAACTGGAAGCCGAGGCAGAACAACAGCGCCAGCAGGCCGCGCAGGCCCAGGCAGCGCAGGAGACCTTGCTGGAAGGCGCTTCCGACATGACCAATGCACTCGCAGGAGTCTGA
gene-PPLUZ19_gp33	phage	gp33	1.7105396650042313	0	0	0	0.0	26.56436346005117	28.74034903799071	4695.224012616673	late	MLLLDAVNVILRKIGELPIPSMDETYPTMAIALPELEDQRIQLLTQGWWFNTWWRHKLTPDPTGRINLPKGTLAFYPDSPDLQWDGLGVRDANTGDDRIGKPVEGRLVLSREWDHIPEIAQRVIAHQAALAVYTHEIGPDETAQVIAQELQAYQNELSRMHTRSRPLNTQAKRSFSRWRRSLRT	ATGCTACTACTCGACGCAGTGAATGTCATCCTGCGCAAGATCGGCGAGCTGCCGATCCCGAGCATGGATGAGACGTATCCAACCATGGCCATCGCCCTCCCGGAGCTGGAAGATCAGCGCATCCAGTTGCTGACCCAAGGCTGGTGGTTCAACACCTGGTGGAGGCACAAGCTGACACCTGACCCCACGGGCCGCATCAACCTGCCCAAGGGCACCTTGGCATTCTATCCGGATTCCCCGGACCTCCAGTGGGACGGCCTAGGGGTGCGAGATGCCAACACCGGTGACGACCGCATCGGTAAGCCGGTCGAGGGCCGATTGGTGCTGTCTCGGGAGTGGGACCATATCCCGGAGATCGCACAGCGCGTCATTGCGCACCAGGCTGCGCTCGCGGTATACACTCACGAGATTGGACCGGACGAGACCGCCCAGGTCATCGCCCAGGAATTGCAGGCGTATCAGAACGAACTGTCCCGCATGCACACCCGATCCCGTCCGCTGAACACCCAGGCCAAGCGTAGCTTCAGCCGGTGGCGGCGCAGCTTGAGGACCTGA
gene-PPLUZ19_gp13.1	phage	gp13.1	1.3017144881977958	0	0	0	0.0	29.30529072822455	14698.110928249826	4091.536286325312	middle	MTYEVMTWLIENKPLVIGVAFSLVALGVLLTQNNGGPPTAPA	ATGACGTATGAGGTGATGACATGGCTTATCGAGAACAAACCGCTGGTCATCGGAGTCGCCTTCAGTCTGGTGGCCCTGGGCGTGCTGCTCACACAGAACAACGGCGGCCCGCCTACGGCGCCCGCATGA
gene-PPLUZ19_gp15	phage	gp15	1.2807525992414293	0	0	0	0.0	12.023154639790569	79776.20268067211	22335.839312371216	middle	MMGPETCFVIDWIEQYWKVYPAHQKVDPQALRELIKLRGGYQPEQLAVVLNLVNQLDKPVDPDSLQGVVSQLNELDFSGRVDALLAQYNQGEDIDLAYELRRLSDEALRREGVSTPTDYVTDDVFDILAEEQGDHGIKLPGLVLPAYMKGLHAGASVLVAAPPDAGKTSFMAWIAVHIAPQLKRYFDPGRPILWLNNEGKGRRIKPRLYSAALGMTVGEILALDPEEVRRMYAEKIGGDSELIRIKDFHGGSLAQAEQVIDAMKPAVVFWDMMAHVKGGQRKDQNRTDEMEYKVAEVREMAVRHDFISFMTWQISNDGHDQLFPPQSCLKDSKTAVQGAVDVQIHLGRLNGADQQVMRGLSLPKNKFQMDGKPSNVEAMINFDAARCRFFESVDHAS	ATGATGGGGCCGGAGACGTGCTTTGTCATCGACTGGATCGAGCAATACTGGAAGGTCTACCCAGCGCATCAGAAGGTAGACCCGCAGGCGCTGCGAGAACTGATCAAGCTGCGAGGGGGCTACCAGCCGGAACAACTGGCAGTAGTCCTGAACCTCGTCAACCAACTGGACAAGCCGGTAGACCCGGACTCGCTACAAGGCGTGGTGTCCCAGCTCAACGAACTGGATTTCTCCGGGCGGGTAGATGCCCTCCTGGCGCAGTACAACCAGGGCGAAGACATCGACCTGGCGTATGAGCTGCGCCGGCTGAGCGACGAGGCCCTGCGCCGCGAGGGGGTCAGTACGCCGACCGACTATGTGACGGACGACGTGTTTGATATCCTGGCGGAGGAGCAGGGTGACCACGGCATCAAGCTGCCGGGGCTGGTGCTGCCGGCGTACATGAAGGGCCTCCACGCCGGGGCCTCGGTGTTGGTGGCAGCGCCGCCTGATGCGGGCAAGACCTCGTTCATGGCCTGGATCGCTGTCCATATCGCGCCGCAGCTCAAGCGGTACTTCGACCCTGGGCGGCCCATCCTGTGGCTGAACAACGAGGGCAAGGGCCGGCGGATCAAGCCGCGCCTGTATTCGGCAGCCCTGGGCATGACCGTGGGCGAGATTCTTGCCCTGGACCCGGAGGAGGTTCGCAGGATGTACGCCGAGAAAATCGGCGGCGACTCTGAGCTGATCCGCATCAAGGACTTCCACGGCGGGTCCCTGGCCCAGGCCGAGCAGGTCATTGACGCGATGAAACCGGCGGTGGTGTTTTGGGACATGATGGCCCACGTCAAGGGTGGTCAGCGCAAGGACCAGAACCGCACCGACGAGATGGAGTACAAGGTGGCCGAGGTCCGCGAGATGGCGGTGCGCCACGACTTCATCAGCTTCATGACGTGGCAGATTAGCAACGACGGTCACGACCAGTTGTTCCCACCGCAGTCCTGCCTCAAGGATTCGAAGACGGCGGTACAGGGTGCTGTAGACGTGCAAATCCACCTGGGCCGTCTCAACGGTGCGGATCAACAGGTCATGCGTGGCCTGTCCCTGCCGAAGAACAAATTCCAGATGGACGGGAAGCCTTCGAACGTGGAGGCCATGATTAACTTCGACGCCGCGCGGTGTCGTTTCTTTGAGAGTGTAGATCATGCAAGCTAA
gene-PPLUZ19_gp39	phage	gp39	1.7092378149831342	0	0	0	0.0	42.051163650717214	14.941252657714385	3418.3253223536467	late	MRGIIAGIMASQIRRPKPILATYPYPIMEADNRWAARPNIVAALTRDTLKEVRPEDTLEHYSAATAVLAASMRSLTQTGYGGAWPYQLVTGVADTTLRSLVKSTTVEAQPYLATPAIHSADLRVVLIISDYEVEPFHYTLTNSLVQAELKNV	ATGCGCGGCATTATCGCGGGCATCATGGCCTCCCAAATTCGACGGCCCAAGCCCATCCTGGCGACCTACCCGTATCCCATCATGGAGGCGGATAATCGCTGGGCTGCTCGGCCCAATATCGTGGCAGCTCTGACCAGGGACACTCTGAAGGAAGTCCGGCCAGAAGACACGCTGGAGCACTACAGTGCAGCCACCGCTGTACTGGCCGCCAGCATGCGCAGCCTGACACAAACGGGCTACGGCGGGGCCTGGCCGTACCAGCTCGTAACAGGTGTGGCAGATACCACCCTCCGGTCGCTGGTGAAGTCTACTACGGTCGAGGCTCAGCCCTACCTAGCCACGCCGGCAATCCACTCGGCGGACCTGCGGGTAGTGCTCATTATCTCGGATTACGAGGTAGAGCCGTTCCATTACACCCTGACCAACAGCCTTGTACAGGCGGAGCTGAAAAATGTTTAA
gene-PPLUZ19_gp2	phage	gp2	1.161280910120555	0	0	0	0.0	22375.57509789372	7359.254585252853	1514.4035319516922	early	MPRVNELTPRQRKAAKARRDKARRIDLAHRMPKGADCPIFRKAEQAQAKQPRVDTLTTPRSAGYLAAAAYLNKSI	ATGCCACGTGTGAATGAACTGACACCGCGTCAACGCAAGGCCGCCAAGGCTCGCCGCGACAAGGCACGCCGGATTGATCTAGCGCACAGGATGCCGAAAGGCGCCGACTGCCCGATCTTCCGCAAGGCTGAGCAGGCGCAAGCTAAGCAGCCCCGCGTCGATACCCTGACCACTCCCCGCAGTGCTGGCTACCTGGCCGCCGCTGCTTACCTGAACAAATCCATCTGA
gene-PPLUZ19_gp18	phage	gp18	1.1395905803839006	0	0	0	0.0	1.4973039054516994	12764.720400788548	5694.323073617657	middle	MRMPTEEERMIRCLLADIHEPLDLLFPGLRTKAHMDPQAEELSIRIDYDHAKLGRMGFCHAVSLYQLSIYGREGMVRYLMQEIPRRVLEGLLVKAQQYSQSNWYSK	ATGAGAATGCCAACCGAAGAAGAACGCATGATCCGCTGTTTACTGGCGGATATCCACGAGCCACTGGACCTGCTGTTCCCCGGCCTCCGTACCAAGGCCCATATGGACCCGCAAGCAGAGGAACTGTCGATTCGAATTGACTACGACCATGCGAAGCTGGGCCGTATGGGATTCTGCCACGCGGTATCCCTATATCAACTGTCCATATATGGCCGCGAGGGGATGGTCCGCTACCTGATGCAGGAGATTCCCCGCCGCGTGCTGGAAGGTCTGCTGGTCAAGGCGCAGCAGTACAGCCAAAGCAACTGGTACAGCAAATGA
gene-PPLUZ19_gp38	phage	gp38	1.704645990264388	0	0	0	0.0	100.40955235079932	30.754250217741845	6768.495134063061	late	MARFKNPETIHVADGVEAVFSLDFPFLRREDVFVQVDKILVTDYTWVDDTNIQLAVVPKKDQEVRIFRDTPAQVPDTQFSQGIPFLPRYIDANNKQLLYAVQEGINTANLALDGVLDAIRIAEEARRLAQEALDAANEALRRALGFAEIRTVTEDSDIDPSWRGYWNRCITADKPLTLTMQMEDPDAPWVEFSEVHFEQAGVRDLNIVAGPGVTINRLQNTTMQLYGENGVCTLKRLGANHWIVFGAMEDE	GTGGCTCGGTTCAAGAATCCCGAGACCATCCACGTTGCAGATGGGGTCGAGGCTGTCTTCAGTCTCGACTTCCCGTTCCTGCGGCGTGAGGACGTATTCGTCCAGGTCGATAAGATACTCGTCACCGACTATACGTGGGTAGACGACACCAACATCCAATTGGCCGTGGTGCCGAAGAAGGACCAAGAGGTCCGCATCTTCCGCGACACGCCCGCCCAGGTCCCGGACACACAGTTCAGCCAGGGCATCCCGTTCCTGCCTCGATACATCGACGCGAACAACAAGCAGCTCCTGTACGCTGTGCAGGAAGGCATCAACACCGCGAACCTCGCTCTCGATGGCGTACTCGACGCGATCCGTATCGCCGAGGAGGCTCGTCGCCTGGCGCAGGAAGCACTCGACGCCGCCAATGAGGCGCTTCGCCGTGCCCTGGGCTTCGCTGAGATTCGCACCGTGACCGAGGACTCGGACATCGATCCGAGCTGGCGCGGTTACTGGAACCGTTGCATCACCGCCGATAAACCTCTGACCCTGACCATGCAGATGGAAGACCCGGATGCACCGTGGGTCGAGTTCAGCGAGGTTCACTTCGAGCAGGCCGGTGTGCGTGACCTAAACATCGTAGCCGGTCCTGGCGTTACCATCAACCGTTTGCAGAACACCACCATGCAGCTCTACGGCGAGAATGGCGTGTGTACTCTCAAGCGGCTGGGCGCTAACCACTGGATCGTGTTCGGGGCCATGGAGGACGAATAA
gene-PPLUZ19_gp29	phage	gp29	1.6494346140437264	0	0	0	0.0	66.43308437492102	451.777773214367	13420.946574005176	late	MLGKTIIGKLADGLLGTDLSGAQSDARKMEEQNRLMQQQADQLARNQQVDLTAENVAQVDLGAMADATGTGTRRRRNQAGTGVSQTLGINY	GTGTTGGGCAAGACCATCATCGGCAAACTCGCTGATGGCCTGCTGGGCACCGACCTGAGCGGCGCACAATCCGATGCCCGCAAGATGGAAGAGCAGAACCGCCTAATGCAACAGCAGGCGGACCAGCTCGCACGAAACCAGCAGGTTGACCTCACCGCCGAGAACGTGGCGCAGGTTGACCTAGGAGCGATGGCCGATGCCACTGGCACCGGCACGCGACGGCGCCGGAATCAGGCGGGCACAGGCGTATCGCAAACCCTCGGTATCAACTACTGA
